-- phpMyAdmin SQL Dump
-- version 5.1.1
-- https://www.phpmyadmin.net/
--
-- Host: 127.0.0.1:3306
-- Generation Time: Aug 12, 2022 at 12:46 PM
-- Server version: 10.5.13-MariaDB-cll-lve
-- PHP Version: 7.2.34

SET SQL_MODE = "NO_AUTO_VALUE_ON_ZERO";
START TRANSACTION;
SET time_zone = "+00:00";


/*!40101 SET @OLD_CHARACTER_SET_CLIENT=@@CHARACTER_SET_CLIENT */;
/*!40101 SET @OLD_CHARACTER_SET_RESULTS=@@CHARACTER_SET_RESULTS */;
/*!40101 SET @OLD_COLLATION_CONNECTION=@@COLLATION_CONNECTION */;
/*!40101 SET NAMES utf8mb4 */;

--
-- Database: `u873860119_agridation2022`
--

-- --------------------------------------------------------

--
-- Table structure for table `artikel`
--

CREATE TABLE `artikel` (
  `id_artikel` int(11) NOT NULL,
  `foto` text NOT NULL,
  `judul` varchar(255) NOT NULL,
  `isi` text NOT NULL,
  `kategori` varchar(255) NOT NULL,
  `date_created` timestamp NOT NULL DEFAULT current_timestamp()
) ENGINE=InnoDB DEFAULT CHARSET=latin1;

--
-- Dumping data for table `artikel`
--

INSERT INTO `artikel` (`id_artikel`, `foto`, `judul`, `isi`, `kategori`, `date_created`) VALUES
(1, 'aslfkasjl.png', 'Upaya Pembinaan UMKM  dalam Mendukung Ekomoni Negara', 'Kementerian Pertanian telah melakukan berbagai upaya untuk membina para pelaku usaha kecil dan menengah (UKM) agar menjadi pondasi yang kuat dalam mendukung ekonomi Indonesia. Salah satu upaya yang dilakukan pemerintah adalah dengan menggelar pelatihan manajemen agrobisnis untuk pelaku usaha kecil dan menengah bekerjasama dengan Asian Productivity Organization (APO) dan Cornel University.', 'Ekonomi', '2022-06-20 16:09:00'),
(2, '23517.jpg', 'Keunggulan Pertanian Hidroponik', 'kelebihan dari pertanian hidroponik adalah lebih mudah dan bisa dilakukan kapan saja tanpa mengenal musim. Hal ini sangat berbeda dengan sistem pertanian menggunakan tanah sebagai media tanam yang memerlukan berbagai persiapan seperti mengolah tanah dan persiapan lain.', 'Agribisnis', '2022-06-20 16:37:44');

-- --------------------------------------------------------

--
-- Table structure for table `dlomba`
--

CREATE TABLE `dlomba` (
  `id_dlomba` int(11) NOT NULL,
  `id_lomba` int(11) NOT NULL,
  `foto` text NOT NULL,
  `nama_lomba` varchar(255) NOT NULL,
  `link_booklet` text NOT NULL,
  `ketentuan_umum` text NOT NULL,
  `ketentuan_lomba` text NOT NULL,
  `pendaftaran_lomba` text NOT NULL,
  `jadwal_pelaksanaan` text NOT NULL,
  `kriteria_penilaian` text NOT NULL,
  `penghargaan` text NOT NULL,
  `link_daftar` varchar(255) NOT NULL
) ENGINE=InnoDB DEFAULT CHARSET=latin1;

--
-- Dumping data for table `dlomba`
--

INSERT INTO `dlomba` (`id_dlomba`, `id_lomba`, `foto`, `nama_lomba`, `link_booklet`, `ketentuan_umum`, `ketentuan_lomba`, `pendaftaran_lomba`, `jadwal_pelaksanaan`, `kriteria_penilaian`, `penghargaan`, `link_daftar`) VALUES
(1, 5, 'fotografi.svg', 'Photography Competition', 'https://ipb.link/booklet-fotografi-agridation2022', '<ol>\r\n                                <li>Peserta bersifat umum (15-25 tahun) di buktikan dengan KTP atau Surat keterangan\r\n                                    lainnya (Kartu pelajar, SIM, KK, Paspor, atau surat keterangan lainnya).\r\n                                </li>\r\n                                <li>Peserta wajib mengikuti syarat dan ketentuan umum yang berlaku di Agridation 2022.\r\n                                </li>\r\n                                <li>Peserta diwajibkan memiliki akun Instagram dan wajib mengikuti media sosial\r\n                                    @agridationsvipb.\r\n                                </li>\r\n                                <li>Peserta diwajibkan untuk memposting twibbon agridation yang telah disediakan oleh\r\n                                    panitia melalui instagram. (Link Twibbon: <a target=\"_blank\" style=\"text-decoration:none; color:black;\" href=\" https://ipb.link/twibbon-fotografi-agridation22\"><strong> https://ipb.link/twibbon-fotografi-agridation22</strong></a>).\r\n                                </li>\r\n                                <li>Panitia memiliki hak publikasi atas karya peserta ke sosial media Instagram\r\n                                    @agridationsvipb\r\n                                </li>\r\n                                <li>Karya dengan like terbanyak merupakan juara favorit\r\n                                </li>\r\n                                <li>Calon peserta wajib mengikuti syarat dan ketentuan yang telah diberikan panitia.\r\n                                </li>\r\n                                <li>Apabila calon peserta melanggar akan terjadi pengurangan nilai. Keputusan panitia\r\n                                    dan juri bersifat mutlak tidak dapat diganggu gugat\r\n                                </li>\r\n                            </ol>', '<ol>\r\n                                <li> Topik Lomba\r\n                                    <strong>\r\n                                        <ol type=\"a\">\r\n                                            <li>Bersama Petani Modern Membangun Ekonomi Negeri\r\n                                            </li>\r\n                                            <li>Mencangkul Asa di Pertanian Bumi Pertiwi\r\n                                            </li>\r\n                                            <li>Petani Sejahtera dari Hasil Bumi Pertiwi</li>\r\n                                        </ol>\r\n                                    </strong>\r\n                                </li>\r\n                                <li>Hasil foto merupakan karya orisinil, belum pernah dilombakan sebelumnya dan belum\r\n                                    pernah digunakan sebagai media komunikasi apapun. Pernyataan akan dicantumkan pada\r\n                                    link pengumpulan karya.\r\n                                </li>\r\n                                <li>Karya tidak mengadung SARA, pornografi, kekerasan atau hal yang bertentangan dengan\r\n                                    norma di masyarakat.\r\n                                </li>\r\n                                <li>Peserta hanya diperbolehkan menggunakan pengaturan warna bawaan dari kamera (kamera\r\n                                    yang digunakan bebas).\r\n                                </li>\r\n                                <li>Peserta melampirkan deskripsi maksimal 250 kata yang menceritakan hasil karyanya dan\r\n                                    pesan yang ingin disampaikan dari karya tersebut dengan menyertakan judul foto dalam\r\n                                    bentuk PDF.\r\n                                </li>\r\n                                <li>Karya diserahkan kepada panitia tidak melebihi batas waktu yang ditentukan.\r\n                                </li>\r\n                                <li>Peserta mengirimkan hasil karya yang berisi Foto (.jpeg, .png), file deskripsi\r\n                                    (.pdf) dan mengisi surat pernyataan keaslian karya (.pdf) dengan format nama\r\n                                    <strong> “FOTOGRAFI_NO. URUT PESERTA_JUDUL KARYA” </strong>dalam bentuk rar/zip\r\n                                    ukuran original size.\r\n                                    Pengumpulan karya melalui Google Formulir dan buktinya di upload\r\n                                    pada Website Agridation 2022. (\r\n                                    <strong>\r\n                                        <a href=\"https://ipb.link/pengumpulankarya-lombafotografi\"\r\n                                            style=\"color: black; text-decoration: none;\">\r\n                                            https://ipb.link/pengumpulankarya-lombafotografi\r\n                                        </a>\r\n                                    </strong>\r\n                                    )\r\n                                </li>\r\n                                <li>Apabila peserta diketahui melakukan kecurangan dalam bentuk dan skala apapun,\r\n                                    panitia berhak mendiskualifikasi peserta dari perlombaan.\r\n                                </li>\r\n                                <li>Peserta hanya diperbolehkan mengumpulkan 1 karya.\r\n                                </li>\r\n                                <li>Calon peserta wajib mengikuti syarat dan ketentuan yang telah diberikan panitia,\r\n                                    apabila calon peserta melanggar akan terjadi pengurangan nilai.\r\n                                </li>\r\n                                <li>Keputusan juri dan panitia bersifat mutlak tidak dapat diganggu gugat\r\n                                </li>\r\n                            </ol>', '<ol>\r\n                                <li>Peserta membuat akun berisikan data diri pada Website Agridation 2022\r\n                                    (https://agridation.id) dengan data yang lengkap dan benar.\r\n                                </li>\r\n                                <li>Setelah memiliki akun, peserta dapat login untuk masuk ke Website Agridation 2022\r\n                                    dan memilih submenu lomba Fotografi.\r\n                                </li>\r\n                                <li>Peserta mengisi formulir pendaftaran yang disertai dengan bukti pembayaran lomba Rp25.000.00 dan penambahan kode unik +41 (contoh: 20.041) ke rekening BNI 1250309286 a/n Yufita</li>\r\n                                <li>Pembayaran akan dikonfirmasi dalam kurun waktu maksimal 2 x 24 jam yang dapat\r\n                                    dilihat di akun masing-masing peserta.\r\n                                </li>\r\n                                <li>Peserta yang sudah terkonfirmasi pembayarannya dapat mengakses dan memasuki tautan\r\n                                    link Group yang disediakan pada akun masing-masing peserta\r\n                                </li>\r\n                                <li>Peserta diharapkan menggunakan nama asli pada display name WhatssApp\r\n                                </li>\r\n                                <li>Seluruh Informasi lebih lanjut akan diinfokan melalui WhatsApp Group peserta.\r\n                                </li>\r\n                            </ol>', '<div class=\"row\">\r\n                                <div class=\"col col-lg-3 list-lomba\">\r\n                                    <ul>\r\n                                        <li>Pendaftaran</li>\r\n                                        <li>Techincal Meeting</li>\r\n                                        <li>Pengumpulan Karya</li>\r\n                                        <li>Penilaian Karya</li>\r\n                                        <li>Pengumpulan Pemenang</li>\r\n                                    </ul>\r\n                                </div>\r\n                                <div class=\"col list-lomba\">\r\n                                    <ul>\r\n                                        <li>: 19 Juni - 20 Agustus 2022</li>\r\n                                        <li>: 21 Agustus 2022</li>\r\n                                        <li>: 22 Agustus - 11 September 2022</li>\r\n                                        <li>: 12 - 18 September 2022</li>\r\n                                        <li>: 25 September 2022</li>\r\n                                    </ul>\r\n                                </div>\r\n                            </div>', '<div class=\"col-12 col-lg-9\">\r\n                            <div class=\"row\">\r\n                                <div class=\"col col-lg-2\">\r\n                                    <p>Kesuaian Foto dengan Tema</p>\r\n                                </div>\r\n                                <div class=\"col col-lg-5\">\r\n                                    <p>Foto yang diambil sesuai dengan tema yang ditentukan</p>\r\n                                </div>\r\n                                <div class=\"col col-lg-1\">\r\n                                    <p>20%</p>\r\n                                </div>\r\n                                <div class=\"col col-lg-1\">\r\n                                    <p>0-100</p>\r\n                                </div>\r\n                            </div>\r\n                            <div class=\"row d-flex align-items-center\">\r\n                                <div class=\"col col-lg-2\">\r\n                                    <p>Unsur Fotografi</p>\r\n                                </div>\r\n                                <div class=\"col col-lg-5 d-flex\">\r\n                                    <ul style=\"padding-left: 12px;\">\r\n                                        <li>Sudut Pengambilan Foto</li>\r\n                                        <li>Latar Belakang</li>\r\n                                        <li>Komposisi Objek dalam foto</li>\r\n                                    </ul>\r\n                                    <ul>\r\n                                        <li>Estetika Foto</li>\r\n                                        <li>Komposisi Warna</li>\r\n                                        <li>Pesan yang disampaikan secara virtual</li>\r\n                                    </ul>\r\n                                </div>\r\n                                <div class=\"col col-lg-1\">\r\n                                    <p>40%</p>\r\n                                </div>\r\n                                <div class=\"col col-lg-1\">\r\n                                    <p>0-100</p>\r\n                                </div>\r\n                            </div>\r\n                            <div class=\"row d-flex align-items-center\">\r\n                                <div class=\"col col-lg-2\">\r\n                                    <p>Pesan Tertulis</p>\r\n                                </div>\r\n                                <div class=\"col col-lg-5\">\r\n                                    <ul style=\"padding-left: 12px;\">\r\n                                        <li>Cerita atau makna dibalik foto tersebut yang disampaikan tertulis melalui file dekripsi</li>\r\n                                        <li>Penulisan yang menarik, baik, dan benar.</li>\r\n                                    </ul>\r\n                                </div>\r\n                                <div class=\"col col-lg-1\">\r\n                                    <p>25%</p>\r\n                                </div>\r\n                                <div class=\"col col-lg-1\">\r\n                                    <p>0-100</p>\r\n                                </div>\r\n                            </div>\r\n                            <div class=\"row d-flex align-items-center\">\r\n                                <div class=\"col col-lg-2\">\r\n                                    <p>Kreativitas Ide</p>\r\n                                </div>\r\n                                <div class=\"col col-lg-5\">\r\n                                    <p>Keunikan cara penyajian foto dan menyampaian pesan melalui keunikan objek atau\r\n                                        peristiwa yang diambil</p>\r\n                                </div>\r\n                                <div class=\"col col-lg-1\">\r\n                                    <p>15%</p>\r\n                                </div>\r\n                                <div class=\"col col-lg-1\">\r\n                                    <p>0-100</p>\r\n                                </div>\r\n                            </div>\r\n                        </div>', '<div class=\"row\">\r\n                                <div class=\"col-2\">\r\n                                    <p>Juara I</p>\r\n                                </div>\r\n                                <div class=\"col-1\">\r\n\r\n                                </div>\r\n                                <div class=\"col\">\r\n                                    <p>Rp. 800.000,00 + Sertifikat</p>\r\n                                </div>\r\n                            </div>\r\n                            <div class=\"row\">\r\n                                <div class=\"col-2\">\r\n                                    <p>Juara II</p>\r\n                                </div>\r\n                                <div class=\"col-1\">\r\n\r\n                                </div>\r\n                                <div class=\"col\">\r\n                                    <p>Rp. 600.000,00 + Sertifikat</p>\r\n                                </div>\r\n                            </div>\r\n                            <div class=\"row\">\r\n                                <div class=\"col-2\">\r\n                                    <p>Juara III</p>\r\n                                </div>\r\n                                <div class=\"col-1\">\r\n\r\n                                </div>\r\n                                <div class=\"col\">\r\n                                    <p>Rp. 400.000,00 + Sertifikat</p>\r\n                                </div>\r\n                            </div>\r\n<div class=\"row\">\r\n                                <div class=\"col-2\">\r\n                                    <p>Juara Favorit</p>\r\n                                </div>\r\n                                <div class=\"col-1\">\r\n\r\n                                </div>\r\n                                <div class=\"col\">\r\n                                    <p>Rp. 150.000,00 + E-sertifikat</p>\r\n                                </div>\r\n                            </div>\r\n                            <p>Semua peserta mendapatkan E-Sertifikat</p>\r\n<div class=\"row\">\r\n                                <div class=\"col-lg-12\">\r\n                                    <h4>Contact Person:</h4>\r\n                                    <ul>\r\n                                        <li>Sawung  Baru T (WA: 08230184970, Line: xeviop)</li>\r\n                                        <li>Maura Putri Nur Afifah (WA: 085710275873, Line: mauraputeri45)</li>\r\n                                    </ul>\r\n                                </div>\r\n                            </div>\r\n\r\n', 'Lomba/Fotografi'),
(2, 6, 'Poster.svg', 'Poster Design Competition', 'https://ipb.link/booklet-poster-agridation2022', '<ol>\r\n                                <li>Peserta bersifat umum (15-25 tahun) dibuktikan dengan KTP atau Surat keterangan lainnya (Kartu pelajar, SIM, KK, Paspor, atau surat keterangan lainnya).\r\n                                </li>\r\n                                <li>Peserta wajib mengikuti syarat dan ketentuan umum yang berlaku di Agridation 2022.\r\n                                </li>\r\n                                <li>Peserta diwajibkan memiliki akun Instagram dan wajib mengikuti media sosial\r\n                                    @agridationsvipb.\r\n                                </li>\r\n                                <li>Peserta diwajibkan untuk memposting twibbon agridation yang telah disediakan oleh\r\n                                    panitia melalui instagram. (Link Twibbon: <a target=\"_blank\" style=\"text-decoration:none; color:black;\" href=\"https://ipb.link/twibbon-poster-agridation22\"><strong>https://ipb.link/twibbon-poster-agridation22</strong></a>).\r\n                                </li>\r\n                                <li>Panitia memiliki hak publikasi atas karya peserta ke sosial media Instagram\r\n                                    @agridationsvipb\r\n                                </li>\r\n                                <li>Karya dengan like terbanyak merupakan juara favorit\r\n                                </li>\r\n                                <li>Calon peserta wajib mengikuti syarat dan ketentuan yang telah diberikan panitia.\r\n                                </li>\r\n                                <li>Apabila calon peserta melanggar akan terjadi pengurangan nilai. Keputusan panitia\r\n                                    dan juri bersifat mutlak tidak dapat diganggu gugat\r\n                                </li>\r\n                            </ol>', '<ol>\r\n                                <li> Topik Lomba\r\n                                        <ol type=\"a\">\r\n                                            <strong><li>Pertanian sebagai wadah perekonomian Indonesia</li></strong>\r\n                                            <ul>\r\n                                                <li>Pertanian sebagai penghasil bahan pangan</li>\r\n                                                <li>Sumber lapangan pekerjaan yang mensejahterakan dan membangun lapangan pekerjaan bagi masyarakat</li>\r\n                                            </ul>\r\n                                            <strong><li>Membangun perekonomian Indonesia dengan berbagai sektor pertanian</li></strong>\r\n                                            <ul>\r\n                                                <li>Peran UMKM di bidang pertanian dalam membangun perekonomian Indonesia.</li>\r\n                                                <li>Kesejahteraan petani yang terus meningkat.</li>\r\n                                                <li>Menunjukan kekuatan sektor pertanian di Indonesia</li>\r\n                                            </ul>\r\n                                            <strong><li>Produktivitas dan efektivitas hasil pertanian sebagai pembangun Ekonomi</li></strong>\r\n                                            <ul>\r\n                                                <li>Hasil pertanian dari semua sektor pertanian</li>\r\n                                                <li>Dampak positif dari hasil perkembangan pertanian yang ada di Indonesia untuk perekonomian indonesia</li>\r\n                                                <li>Gambaran pengaruh yang ditimbulkan pertanian terhadap ekonomi</li>\r\n                                            </ul>\r\n                                        </ol>\r\n                                    \r\n                                </li>\r\n                                <li>Poster merupakan karya orisinil, belum pernah dilombakan sebelumnya dan belum pernah digunakan sebagai media komunikasi apapun. Pernyataan akan dicantumkan pada link pengumpulan karya.\r\n                                </li>\r\n                                <li>Desain poster dapat dibuat menggunakan aplikasi Photoshop atau aplikasi lain yang sudah umum digunakan.\r\n                                </li>\r\n                                <li>Karya tidak mengandung SARA, pornografi, kekerasan atau hal yang bertentangan dengan norma di masyarakat.\r\n                                </li>\r\n                                <li>Ukuran poster dibuat dalam ukuran: 29,7 cm x 42 cm (A3 dan potrait), diserahkan dalam format JPG atau PNG dengan ukuran maksimal 10 MB.\r\n                                </li>\r\n                                <li>Peserta melampirkan deskripsi dengan menceritakan hasil karyanya, alasan peserta membuat karya tersebut, dan pesan yang ingin disampaikan dari karya tersebut serta alasan yang dilampirkan dalam bentuk max. 200 kata dengan bentuk PDF.\r\n                                </li>\r\n                                <li>Karya diserahkan kepada panitia tidak melebihi batas waktu yang ditentukan.</li>\r\n                                <li>Pengumpulan karya dengan format <strong>“POSTER_NO.URUT PESERTA_JUDUL KARYA”</strong>.</li>\r\n                                <li>Apabila peserta melakukan kecurangan dalam bentuk dan skala apapun, panitia berhak mendiskualifikasikan peserta dari perlombaan.</li>\r\n                                <li>Peserta hanya diperbolehkan mengumpulkan 1 karya dan dikumpulkan melalui Google Formulir: <strong><a style=\"color: black; text-decoration: none;\" href=\"https://ipb.link/folder-pengumpulan-poster\">https://ipb.link/folder-pengumpulan-poster</a></strong>.</li>\r\n                                <li>Calon peserta wajib mengikuti syarat dan ketentuan yang telah diberikan panitia, apabila calon peserta melanggar akan terjadi pengurangan nilai.</li>\r\n                                <li>Keputusan juri dan panitia bersifat mutlak tidak dapat diganggu gugat.</li>\r\n                            </ol>', '<ol>                                 <li>Peserta membuat akun berisikan data diri pada Website Agridation 2022                                     (https://agridation.id) dengan data yang lengkap dan benar.                                 </li>                                 <li>Setelah memiliki akun, peserta dapat login untuk masuk ke Website Agridation 2022                                     dan memilih submenu lomba Desain Poster.                                 </li>                                 <li>Peserta mengisi formulir pendaftaran yang disertai dengan bukti pembayaran lomba Rp35.000.00 dan penambahan kode unik +41 (contoh: 20.041) ke rekening BNI 1250309286 a/n Yufita\r\n</li>                                 <li>Pembayaran akan dikonfirmasi dalam kurun waktu maksimal 2 x 24 jam yang dapat                                     dilihat di akun masing-masing peserta.                                 </li>                                 <li>Peserta yang sudah terkonfirmasi pembayarannya dapat mengakses dan memasuki tautan                                     link Group yang disediakan pada akun masing-masing peserta                                 </li>                                 <li>Peserta diharapkan menggunakan nama asli pada display name WhatssApp                                 </li>                                 <li>Seluruh Informasi mengenai Desain Poster lebih lanjut akan diinfokan melalui Whatsapp Group peserta.                                 </li>                             </ol>', '<div class=\"row\">                                 <div class=\"col col-lg-3 list-lomba\">                                     <ul>                                         <li>Pendaftaran</li>                                         <li>Techincal Meeting</li>                                         <li>Pengumpulan Karya</li>                                         <li>Penilaian Karya</li>                                         <li>Pengumpulan Pemenang</li>                                     </ul>                                 </div>                                 <div class=\"col list-lomba\">                                     <ul>                                         <li>: 19 Juni - 20 Agustus 2022</li>                                         <li>: 21 Agustus 2022</li>                                         <li>: 22 Agustus - 11 September 2022</li>                                         <li>: 12 - 18 September 2022</li>                                         <li>: 25 September 2022</li>                                     </ul>                                 </div>                             </div>', '<div class=\"col-12 col-lg-9\">                             <div class=\"row\">                                 <div class=\"col col-lg-2\">                                     <p>Kesuaian</p>                                 </div>                                 <div class=\"col col-lg-5\">                                     <p>Poster yang di design sesuai dengan tema utama</p>                                 </div>                                 <div class=\"col col-lg-1\">                                     <p>30%</p>                                 </div>                                 <div class=\"col col-lg-1\">                                     <p>10-100</p>                                 </div>                             </div>                             <div class=\"row d-flex align-items-center\">                                 <div class=\"col col-lg-2\">                                     <p>Unsur Poster</p>                                 </div>                                 <div class=\"col col-lg-5 d-flex\">                                     <ul style=\"padding-left: 12px;\">                                         <li>Warna</li>                                         <li>Keserasian</li>                                         <li>Keselarasan</li>                                         <li>Manfaat</li>                                     </ul>                                 </div>                                 <div class=\"col col-lg-1\">                                     <p>20%</p>                                 </div>                                 <div class=\"col col-lg-1\">                                     <p>10-100</p>                                 </div>                             </div>                             <div class=\"row d-flex align-items-center\">                                 <div class=\"col col-lg-2\">                                     <p>Pesan Tertulis</p>                                 </div>                                 <div class=\"col col-lg-5\">                                     <p>Kualitas penyampaian pesan (ketetapan informasi, kecanggihan, dan keterbacaan informasi, aktual dan faktual).</p>                                 </div>                                 <div class=\"col col-lg-1\">                                     <p>20%</p>                                 </div>                                 <div class=\"col col-lg-1\">                                     <p>10-100</p>                                 </div>                             </div>                             <div class=\"row d-flex align-items-center\">                                 <div class=\"col col-lg-2\">                                     <p>Kreativitas</p>                                 </div>                                 <div class=\"col col-lg-5\">                                     <ul style=\"padding-left: 12px;\">                                         <li>Kreatifitas konsep</li>                                         <li>Inovasi serta kualitas artistic.</li>                                     </ul>                                 </div>                                 <div class=\"col col-lg-1\">                                     <p>30%</p>                                 </div>                                 <div class=\"col col-lg-1\">                                     <p>10-100</p>                                 </div>                             </div>                         </div>', '<div class=\"row\">                                 <div class=\"col-2\">                                     <p>Juara I</p>                                 </div>                                 <div class=\"col-1\">                                  </div>                                 <div class=\"col\">                                     <p>Rp. 800.000,00 + E-Sertifikat</p>                                 </div>                             </div>                             <div class=\"row\">                                 <div class=\"col-2\">                                     <p>Juara II</p>                                 </div>                                 <div class=\"col-1\">                                  </div>                                 <div class=\"col\">                                     <p>Rp. 600.000,00 + E-Sertifikat</p>                                 </div>                             </div>                             <div class=\"row\">                                 <div class=\"col-2\">                                     <p>Juara III</p>                                 </div>                                 <div class=\"col-1\">                                 </div>                                 <div class=\"col\">                                     <p>Rp. 400.000,00 + E-Sertifikat</p>                                 </div>                             </div>                             <div class=\"row\">                                 <div class=\"col-2\">                                     <p>Juara Favorit</p>                                 </div>                                 <div class=\"col-1\">                                 </div>                                 <div class=\"col\">                                     <p>Rp. 150.000,00 + E-Sertifikat</p>                                 </div>                             </div>                             <p>Semua peserta mendapatkan E-Sertifikat</p>\r\n<div class=\"row\">\r\n                                <div class=\"col-lg-12\">\r\n                                    <p><strong>Contact Person:</strong> Fuzy Fauzia Sundana (+62 823-1817-4909) </p>\r\n                                </div>\r\n                            </div>', 'Lomba/Poster'),
(3, 4, 'cv.svg', 'CREATIVE VIDEO COMPETITION', 'https://ipb.link/booklet-cv-agridation2022', '<ol>                                 <li>Peserta bersifat umum (15-25 tahun) dibuktikan dengan KTP atau Surat keterangan lainnya (Kartu pelajar, SIM, KK, Paspor, atau surat keterangan lainnya).</li>                                 <li>Perlombaan bersifat tim (2-4 orang) dalam satu karya.</li>                                 <li>Setiap tim wajib mengikuti syarat dan ketentuan umum yang berlaku di Agridation 2022</li>                                 <li>Semua anggota tim diwajibkan mengikuti media sosial @agridationsvipb</li>                                 <li>Semua anggota tim diwajibkan untuk memposting twibbon agridation yang telah disediakan oleh panitia melalui instagram. (Link Twibbon: <a target=\"_blank\" style=\"text-decoration:none; color:black;\" href=\"https://ipb.link/twibbon-creative-video-agridation22\"><strong>https://ipb.link/twibbon-creative-video-agridation22</strong></a>)</li>                                 <li>Twibbon disertai hashtag dan di upload di feed ig (akun instagram tidak boleh di private)</li>                                 <li>Twibbon tidak boleh dihapus sampai tiga hari setelah technical meeting (25 Agustus 2022)</li>                                 <li>Panitia memiliki hak publikasi atas karya peserta ke social media Instagram @agridationsvipb</li>                                 <li>Keputusan panitia dan juri bersifat mutlak tidak dapat diganggu gugat.</li>                                 <li>Semua anggota tim harus berasal dari satu perguruan tinggi yang sama.</li>                             </ol>', '<ol>                                 <li>Tema “Pertanian Sebagai Leading Sektor Perekonomian Nasional”</li>                                 Topik Lomba :                                         <ol type=\"a\">                                             <li>Peran mahasiswa sebagai generasi milenial untuk kemajuan sektor pertanian</li>                                             <li>Teknologi dalam perawatan lahan pertanian</li>                                             <li>Hasil pertanian untuk mensejahterakan petani</li>                                         </ol>                                 <li>Hasil video merupakan karya orisinil, belum pernah dilombakan sebelumnya dan belum pernah digunakan sebagai media komunikasi apapun.</li>                                 <li>Jika ada yang menggunakan video pendukung/footage (youtube dll) diharapkan mencantumkan sumbernya dibawah video.</li>                                 <li>Karya tidak mengandung SARA, pornografi, kekerasan dan hal yang bertentangan dengan norma masyarakat.</li>                                 <li>Durasi video minimal 5 menit dan maksimal 15 menit.</li>                                 <li>Kualitas video minimal 720P dan maksimal Full HD.</li>                                 <li>Rasio Video berukuran 16:9 landscape</li>                                 <li>Tidak diperbolehkan menggunakan backsound copyright</li>                                 <li>Apabila tim melakukan kecurangan dalam bentuk dan skala apapun, panitia berhak mendiskualifikasikan tim dari perlombaan.</li>                                 <li>Setiap tim hanya diperbolehkan mengumpulkan 1 karya.</li>                             </ol>', '<ol>\r\n                                <li>Ketua tim membuat akun berisikan data diri pada Website Agridation 2022 (https://agridation.id) dengan data yang lengkap dan benar.</li>\r\n                                <li>Setelah memiliki akun, peserta dapat login untuk masuk ke Website Agridation 2022 dan memilih submenu lomba Creative Video</li>\r\n                                <li>Ketua tim mengisi formulir pendaftaran yang disertai dengan bukti pembayaran  lomba Rp 30.000.00 ke rekening BNI 1250309286 a/n Yufita\r\n</li>\r\n                                <li>Pembayaran akan dikonfirmasi dalam kurun waktu maksimal 2 x 24 jam yang dapat dilihat di akun masing-masing peserta.</li>\r\n                                <li>Ketua tim yang sudah terkonfirmasi pembayarannya dapat mengakses dan memasuki tautan link Group yang disediakan pada akun masing-masing peserta</li>\r\n                                <li>Peserta diharapkan menggunakan nama asli pada display name WhatssApp</li>\r\n                                <li>Seluruh Informasi mengenai Creative Video lebih lanjut akan diinfokan melalui WhatsApp Group peserta.</li>\r\n                                <li>Pengumpulan karya melalui link <a href=\"https://ipb.link/pengumpulan-karya-creative-video-agridation-2022\" style=\"color:black; text-decoration:none;\"><strong>https://ipb.link/pengumpulan-karya-creative-video-agridation-2022</strong></a>  dan dikumpulkan oleh masing-masing ketua tim dengan format file “<strong>CREATIVE VIDEO_NO TIM_NAMA TIM_JUDUL KARYA</strong>” mp4.</li>\r\n                                <li>Karya yang diserahkan kepada panitia tidak melebihi batas waktu yang ditentukan.</li>\r\n                                <li>Setiap tim wajib mengikuti syarat dan ketentuan yang telah diberikan panitia, apabila calon tim melanggar akan terjadi pengurangan nilai.</li>\r\n                                <li>Keputusan juri dan panitia bersifat mutlak tidak dapat diganggu gugat</li>\r\n                            </ol>', '<div class=\"row\">                                 <div class=\"col col-lg-3 list-lomba\">                                     <ul>                                         <li>Pendaftaran</li>                                         <li>Techincal Meeting</li>                                         <li>Pengumpulan Karya</li>                                         <li>Penilaian Karya</li>                                         <li>Pengumpulan Pemenang</li>                                     </ul>                                 </div>                                 <div class=\"col list-lomba\">                                     <ul>                                         <li>: 19 Juni - 20 Agustus 2022</li>                                         <li>: 21 Agustus 2022</li>                                         <li>: 22 Agustus - 11 September 2022</li>                                         <li>: 12 - 18 September 2022</li>                                         <li>: 25 September 2022</li>                                     </ul>                                 </div>                             </div>', '<div class=\"col-12 col-lg-9\">                             <div class=\"row\">                                 <div class=\"col col-lg-2\">                                     <p>Orisinalitas</p>                                 </div>                                 <div class=\"col col-lg-5\">                                     <ul style=\"padding-left: 12px;\">                                         <li>Tidak pernah diikutkan lomba sebelumnya</li>                                         <li>Tidak pernah dipublikasikan pada media apapun</li>                                     </ul>                                 </div>                                 <div class=\"col col-lg-1\">                                     <p>15%</p>                                 </div>                                 <div class=\"col col-lg-1\">                                     <p>0-15</p>                                 </div>                             </div>                             <div class=\"row d-flex align-items-center\">                                 <div class=\"col col-lg-2\">                                     <p>Kesuaian Tema</p>                                 </div>                                 <div class=\"col col-lg-5 d-flex\">                                     <p>Kesesuaian dengan judul</p>                                 </div>                                 <div class=\"col col-lg-1\">                                     <p>20%</p>                                 </div>                                 <div class=\"col col-lg-1\">                                     <p>0-20</p>                                 </div>                             </div>                             <div class=\"row d-flex align-items-center\">                                 <div class=\"col col-lg-2\">                                     <p>Ide/Konsep</p>                                 </div>                                 <div class=\"col col-lg-5\">                                     <P>Merupakan ide/konsep yang unik</P>                                 </div>                                 <div class=\"col col-lg-1\">                                     <p>20%</p>                                 </div>                                 <div class=\"col col-lg-1\">                                     <p>0-20</p>                                 </div>                             </div>                             <div class=\"row d-flex align-items-center\">                                 <div class=\"col col-lg-2\">                                     <p>Pesan yang disampaikan</p>                                 </div>                                 <div class=\"col col-lg-5\">                                     <p>Kejelasan makna atau pesan yang disampaikan didalam video</p>                                 </div>                                 <div class=\"col col-lg-1\">                                     <p>30%</p>                                 </div>                                 <div class=\"col col-lg-1\">                                     <p>0-30</p>                                 </div>                             </div>                             <div class=\"row d-flex align-items-center\">                                 <div class=\"col col-lg-2\">                                     <p>Audio</p>                                 </div>                                 <div class=\"col col-lg-5\">                                     <p>Kejelasan suara saat bicara</p>                                 </div>                                 <div class=\"col col-lg-1\">                                     <p>15%</p>                                 </div>                                 <div class=\"col col-lg-1\">                                     <p>0-15</p>                                 </div>                             </div>                         </div>', '<div class=\"row\">                                 <div class=\"col-2\">                                     <p>Juara I</p>                                 </div>                                 <div class=\"col-1\">                                  </div>                                 <div class=\"col\">                                     <p>Rp. 1.350.000,00 + Sertifikat</p>                                 </div>                             </div>                             <div class=\"row\">                                 <div class=\"col-2\">                                     <p>Juara II</p>                                 </div>                                 <div class=\"col-1\">                                  </div>                                 <div class=\"col\">                                     <p>Rp. 1.050.000,00 + Sertifikat</p>                                 </div>                             </div>                             <div class=\"row\">                                 <div class=\"col-2\">                                     <p>Juara III</p>                                 </div>                                 <div class=\"col-1\">                                  </div>                                 <div class=\"col\">                                     <p>Rp. 900.000,00 + Sertifikat</p>                                 </div>                             </div>                             <div class=\"row\">                                 <div class=\"col-2\">                                     <p>Juara Favorit</p>                                 </div>                                 <div class=\"col-1\">                                 </div>                                 <div class=\"col\">                                     <p>Rp. 250.000,00 + Sertifikat</p>                                 </div>                             </div>                             <p>Semua peserta mendapatkan E-Sertifikat</p>                             <p>Juara favorit ditentukan berdasarkan perolehan jumlah like pada karya yang diunggah di sosial media Agridation selain juara 1, 2, dan 3.</p>\r\n<div class=\"row\">\r\n                                <div class=\"col-lg-12\">\r\n                                    <h4>Contact Person:</h4>\r\n                                    <ul>\r\n                                        <li>Izza M Hafidz (WA: 0838-0881-9820, Line: hafidz.345)</li>\r\n                                        <li>Mutiara Dewi Kania (WA: 0812-1092-0662, Line: emdekaaa)</li>\r\n                                    </ul>\r\n                                </div>\r\n                            </div>', 'Lomba/Cvideo');
INSERT INTO `dlomba` (`id_dlomba`, `id_lomba`, `foto`, `nama_lomba`, `link_booklet`, `ketentuan_umum`, `ketentuan_lomba`, `pendaftaran_lomba`, `jadwal_pelaksanaan`, `kriteria_penilaian`, `penghargaan`, `link_daftar`) VALUES
(4, 2, 'podcast.svg', 'Podcast Competition', 'https://ipb.link/booklet-podcast-agridation2022', '<ol>                                 <li>Peserta bersifat umum (15-25 tahun) di buktikan dengan KTP atau Surat keterangan                                     lainnya (Kartu pelajar, SIM, KK, Paspor, atau surat keterangan lainnya).                                 </li>                                 <li>Perlombaan dapat bersifat kelompok (1-2 orang) dalam satu karya.</li>                                 <li>Peserta wajib mengikuti syarat dan ketentuan umum yang berlaku di Agridation 2022.</li>                                 <li>Peserta diwajibkan memiliki akun Instagram dan wajib mengikuti media sosial @agridationsvipb dan membagikan poster pada instagram story.</li>                                 <li>Peserta diwajibkan untuk memposting twibbon agridation yang telah disediakan oleh panitia melalui instagram. (link twibbon: <a target=\"_blank\" style=\"text-decoration:none; color:black;\" href=\"https://ipb.link/twibbon-podcast-agridation22\"><strong>https://ipb.link/twibbon-podcast-agridation22</strong></a>)</li>                                 <li>Panitia memiliki hak publikasi atas karya peserta ke sosial media Instagram @agridationsvipb</li>                                 <li>Karya dengan like dan komen terbanyak merupakan juara favorit.</li>                                 <li>Calon peserta wajib mengikuti syarat dan ketentuan yang telah diberikan panitia.</li>                                 <li>Apabila calon peserta melanggar akan terjadi pengurangan nilai.</li>                                 <li>Keputusan panitia dan juri bersifat mutlak tidak dapat diganggu gugat.</li>                             </ol>', '<ol>\r\n<li>Topik Lomba</li>\r\n<ol type=\"a\">\r\n                                            <strong><li>Pertanian sebagai Leading Sektor Perekonomian Nasional Bangsa</li></strong>                           \r\n                                            <ul>\r\n                                                <li>Pola Strategi Pengembangan Sistem Penggerak Pertanian\r\n</li>\r\n                                                <li>Modernisasi Pertanian di Era 5.0\r\n</li>\r\n                                                <li>Penguatan Alternatif Solusi  Masalah Pertanian\r\n</li>\r\n<li>Peran Mahasiswa dalam Meningkatkan Perekonomian Melalui Pertanian\r\n</li>\r\n                                            </ul>\r\n                                        </ol>                                 <li>Hasil rekaman merupakan karya orisinil, belum pernah dilombakan sebelumnya dan belum pernah digunakan sebagai media komunikasi apapun. Pernyataan orisinalitas akan dicantumkan pada link pengumpulan karya.</li>                                 <li>Desain poster dapat dibuat menggunakan aplikasi Photoshop atau aplikasi lain yang sudah umum digunakan dengan rasio 1080 x 1920 pixel (Potrait) dan palet warna yang telah ditentukan (<a target=\"_blank\" href=\"https://ipb.link/ketentuan-desain-poster\" style=\"color: black; text-decoration: none;\"><strong>https://ipb.link/ketentuan-desain-poster</strong></a>).</li>                                 <li>Peserta dapat menambahkan audio, tetapi hanya berupa instrumen bukan lagu.</li>                                 <li>Peserta hanya diperbolehkan merekam suara berbentuk Mp3.</li>                                 <li>Karya tidak mengandung SARA, pornografi, kekerasan atau hal yang bertentangan dengan norma di masyarakat.</li>                                 <li>Karya memiliki durasi 5-10 menit, tidak kurang maupun lebih dengan ukuran maksimal 100 MB.</li>                                 <li>Peserta melampirkan bukti kegiatan podcast berupa video singkat dengan durasi 30 detik.</li>                                 <li>Karya diserahkan kepada panitia tidak melebihi batas waktu yang ditentukan.</li>                                 <li>Karya dikirimkan kepada panitia berupa audio (.MP3) dengan format file “<strong>PODCAST_NO. URUT PESERTA_JUDUL KARYA</strong>”. Pengumpulan karya melalui Google Formulir: <a href=\"https://ipb.link/pengumpulan-karyapodcast\" style=\"color: black; text-decoration: none;\"><strong>https://ipb.link/pengumpulan-karyapodcast</strong></a> dan buktinya di upload pada Website Agridation 2022.</li>                                 <li>Apabila peserta melakukan kecurangan dalam bentuk dan skala apapun, panitia berhak mendiskualifikasikan peserta.</li>                                 <li>Peserta hanya diperbolehkan mengumpulkan 1 karya.</li>                                 <li>Keputusan juri dan panitia bersifat mutlak tidak dapat diganggu gugat.</li>                             </ol>', '<ol>                                 <li>Peserta membuat akun berisikan data diri pada Website Agridation 2022 (https://agridation.id) dengan data yang lengkap dan benar.                                 </li>                                 <li>Setelah memiliki akun, peserta dapat login untuk masuk ke Website Agridation 2022 dan memilih submenu lomba Podcast.                                 </li>                                 <li>Peserta mengisi formulir pendaftaran yang disertai dengan bukti pembayaran lomba dan penambahan kode unik +61 (contoh: 20.061) ke rekening BNI 1250309286 a/n Yufita\r\n                                </li>                                 <li>Pembayaran akan dikonfirmasi dalam kurun waktu maksimal 2 x 24 jam yang dapat dilihat di akun masing-masing peserta.                                 </li>                                 <li>Peserta yang sudah terkonfirmasi pembayarannya dapat mengakses dan bergabung tautan link grup yang disediakan pada akun masing-masing peserta                                 </li>                                 <li>Peserta diharapkan menggunakan nama asli pada display name WhatssApp                                 </li>                                 <li>Seluruh Informasi lebih lanjut akan diinfokan melalui WhatsApp Group peserta.                                 </li>                             </ol>', '<div class=\"row\">                                 <div class=\"col col-lg-3 list-lomba\">                                     <ul>                                         <li>Pendaftaran</li>                                         <li>Techincal Meeting</li>                                         <li>Pengumpulan Karya</li>                                         <li>Penilaian Karya</li>                                         <li>Pengumpulan Pemenang</li>                                     </ul>                                 </div>                                 <div class=\"col list-lomba\">                                     <ul>                                         <li>: 19 Juni - 20 Agustus 2022</li>                                         <li>: 21 Agustus 2022</li>                                         <li>: 22 Agustus - 11 September 2022</li>                                         <li>: 12 - 18 September 2022</li>                                         <li>: 25 September 2022</li>                                     </ul>                                 </div>                             </div>', '<div class=\"col-12 col-lg-9\">                             <div class=\"row\">                                 <div class=\"col col-lg-2\">                                     <p>Orisinalitas Karya</p>                                 </div>                                 <div class=\"col col-lg-1\">                                     <p>10%</p>                                 </div>                             </div>                             <div class=\"row d-flex align-items-center\">                                 <div class=\"col col-lg-2\">                                     <p>Tata Bahasa dan Kualitas Audio</p>                                 </div>                                 <div class=\"col col-lg-1\">                                     <p>15%</p>                                 </div>                             </div>                             <div class=\"row d-flex align-items-center\">                                 <div class=\"col col-lg-2\">                                     <p>Gagasan Karya</p>                                 </div>                                 <div class=\"col col-lg-1\">                                     <p>20%</p>                                 </div>                             </div>                             <div class=\"row d-flex align-items-center\">                                 <div class=\"col col-lg-2\">                                     <p>Analisis Masalah</p>                                 </div>                                 <div class=\"col col-lg-1\">                                     <p>25%</p>                                 </div>                             </div>                             <div class=\"row d-flex align-items-center\">                                 <div class=\"col col-lg-2\">                                     <p>Gagasan Solusi</p>                                 </div>                                 <div class=\"col col-lg-1\">                                     <p>20%</p>                                 </div>                             </div>                             <div class=\"row d-flex align-items-center\">                                 <div class=\"col col-lg-2\">                                     <p>Data-data yang mendukung</p>                                 </div>                                 <div class=\"col col-lg-1\">                                     <p>10%</p>                                 </div>                             </div>                         </div>', '<div class=\"row\">                                 <div class=\"col-2\">                                     <p>Juara I</p>                                 </div>                                 <div class=\"col-1\">                                  </div>                                 <div class=\"col\">                                     <p>Rp. 1.150.000,00  + E-Sertifikat</p>                                 </div>                             </div>                             <div class=\"row\">                                 <div class=\"col-2\">                                     <p>Juara II</p>                                 </div>                                 <div class=\"col-1\">                                  </div>                                 <div class=\"col\">                                     <p>Rp. 950.000,00  + E-Sertifikat</p>                                 </div>                             </div>                             <div class=\"row\">                                 <div class=\"col-2\">                                     <p>Juara III</p>                                 </div>                                 <div class=\"col-1\">                                  </div>                                 <div class=\"col\">                                     <p>Rp. 750.000,00  + E-Sertifikat</p>                                 </div>                             </div>                             <div class=\"row\">                                 <div class=\"col-2\">                                     <p>Juara Favorit</p>                                 </div>                                 <div class=\"col-1\">                                  </div>                                 <div class=\"col\">                                     <p>Rp. 200.000,00  + E-Sertifikat</p>                                 </div>                             </div>                             <p>Semua peserta mendapatkan E-Sertifikat</p>                             <p>Juara favorit ditentukan berdasarkan perolehan jumlah like dan komentar pada karya yang diunggah di sosial media Agridation selain juara 1, 2, dan 3.</p>\r\n<div class=\"row\">\r\n                                <div class=\"col-lg-12\">\r\n                                    <h4>Contact Person:</h4>\r\n                                    <ul>\r\n                                        <li>Karine	 0887-0720-6368</li>\r\n                                        <li>Legi	 0852-8016-3056</li>\r\n                                    </ul>\r\n                                </div>\r\n                            </div>', 'Lomba/Podcast'),
(5, 1, 'ltki.svg', 'Karya Tulis Ilmiah Competition', 'https://ipb.link/booklet-lkti-agridation2022', '<ol>                                 <li>Peserta bersifat umum (15-25 tahun) dibuktikan dengan KTP atau surat keterangan lainnya (Kartu pelajar, KTM, KTP, atau KK).</li>                                 <li>Setiap tim terdiri dari dua sampai tiga orang (terdiri atas 1 ketua dan 1-2 anggota).</li>                                 <li>Peserta diwajibkan memiliki akun Instagram dan wajib mengikuti media sosial @agridationsvipb.</li>                                 <li>Peserta diwajibkan untuk memposting twibbon Agridation yang telah disediakan oleh panitia melalui Instagram (twibbon tidak boleh dihapus sampai tanggal 24 Agustus 2022). Link twibbon dapat diakses di : <a target=\"_blank\" style=\"text-decoration:none; color:black;\" href=\"https://ipb.link/twibbon-karya-tulis-ilmiah-agridation22\"><strong>https://ipb.link/twibbon-karya-tulis-ilmiah-agridation22</strong></a></li>                                 <li>Calon peserta wajib mengikuti syarat dan ketentuan yang telah diberikan panitia. Apabila calon peserta melanggar akan terjadi pengurangan nilai.</li>                                 <li>Keputusan panitia dan juri bersifat mutlak dan tidak dapat diganggu gugat.</li>                             </ol>', '<ol>                                 <li>Setiap tim akan melalui 2 tahap seleksi, yaitu seleksi full karya tulis dan presentasi.</li>                                 <li>Pada seleksi full karya tulis akan dipilih 5 (lima) karya dengan penilaian tertinggi untuk lanjut ke tahap seleksi selanjutnya (jumlah finalis grand final dapat berubah sewaktu-waktu tergantung pada jumlah peserta).</li>                                 <li>Hasil karya merupakan karya orisinil, belum pernah dilombakan atau dipublikasikan sebelumnya.</li>                                 <li>Karya tulis harus bersifat objektif, kreatif, tidak mengandung SARA/ pornografi/ kekerasan/ hal yang bertentangan dengan norma masyarakat.</li>                                 <li>Tulisan didukung oleh data dan informasi yang terpercaya (berdasarkan telaah pustaka).</li>                                 <li>Setiap peserta diperbolehkan mengirim maksimal 2 (dua) karya dengan ketua dan komposisi tim yang berbeda.</li>                                 <li>Setiap peserta hanya diperbolehkan menjadi ketua pada 1 (satu) karya saja atau menjadi anggota pada keduanya.</li>                                 <li>Karya diserahkan kepada panitia tidak melebihi batas waktu yang ditentukan.</li>                                 <li>Calon peserta wajib mengikuti syarat dan ketentuan yang telah diberikan panitia. Apabila calon peserta melanggar atau melakukan kecurangan akan terjadi pengurangan nilai.</li>                                 <li>Keputusan juri dan panitia bersifat mutlak dan tidak dapat diganggu gugat.</li>                             </ol>', '<ol>                                 <li>Ketua tim membuat akun berisikan data diri pada Website Agridation 2022 (https://agridation.id) dengan data yang lengkap dan benar.</li>                                 <li>Setelah memiliki akun, ketua tim dapat login untuk masuk ke Website Agridation 2022 dan memilih submenu lomba karya tulis.</li>  \r\n<li>Ketua tim mengisi formulir pendaftaran yang disertai dengan bukti upload twibbon dan pembayaran lomba.\r\n</li>                              <li>Peserta mengisi formulir pendaftaran yang disertai dengan bukti pembayaran lomba dan penambahan kode unik +41 (contoh: 20.041) ke rekening BNI 1250309286 a/n Yufita</li>                                 <li>Pembayaran akan dikonfirmasi dalam kurun waktu maksimal 2 x 24 jam yang dapat dilihat di akun masing-masing ketua tim.</li>                                 <li>Ketua tim yang sudah terkonfirmasi pembayarannya dapat mengakses dan memasuki tautan link Group WhatsApp yang disediakan pada akun masing-masing.</li>                                 <li>Peserta diharapkan menggunakan nama asli pada display name WhatsApp.</li>                                 <li>Karya dikumpulkan melalui web Agridation.</li>                                 <li>Seluruh Informasi mengenai Karya Tulis lebih lanjut akan diinfokan melalui WhatsApp Group peserta.</li>                             </ol>', '<div class=\"row\">                                 <div class=\"col col-lg-6 list-lomba\">                                     <ul>                                         <li>Pendaftaran</li>                                         <li>Techincal Meeting</li>                                         <li>Pengumpulan Karya</li>                                         <li>Seleksi full LKTI dan penilaian</li>                                         <li>Pengumuman Finalis</li>                                         <li>Pengumpulan Powerpoint</li>                                         <li>Presentasi</li>                                         <li>Penilaian keseluruhan oleh juri + rekap hasil penilaian</li>                                         <li>Pengumuman Pemenang</li>                                     </ul>                                 </div>                                 <div class=\"col list-lomba\">                                     <ul>                                         <li>: 19 Juni - 13 Agustus 2022</li>                                         <li>: 14 Agustus 2022</li>                                         <li>: 15 - 27 Agustus 2022</li>                                         <li>: 28 Agustus - 3 September 2022</li>                                         <li>: 4 September 2022</li>                                         <li>: 5 - 10 September 2022</li>                                         <li>: 11 September 2022</li>                                         <li>: 12 - 23 September 2022</li>                                         <li>: 25 September 2022</li>                                     </ul>                                 </div>                             </div>', '<div class=\"col-12 col-lg-9\">                             <div class=\"row\">                                 <div class=\"col col-lg-2\">                                     <p>Orisinal</p>                                 </div>                                 <div class=\"col col-lg-5\">                                     <ul style=\"padding-left: 12px;\">                                         <li>Tidak pernah diikutkan dalam lomba manapun</li>                                         <li>Tidak pernah dipublikasi pada media apapun</li>                                         <li>Tidak ada unsur plagiarism</li>                                     </ul>                                 </div>                                 <div class=\"col col-lg-1\">                                     <p>20%</p>                                 </div>                                 <div class=\"col col-lg-1\">                                     <p>10-100</p>                                 </div>                             </div>                             <div class=\"row d-flex align-items-center\">                                 <div class=\"col col-lg-2\">                                     <p>Kesesuaian tema dan sub tema</p>                                 </div>                                 <div class=\"col col-lg-5 d-flex\">                                     <ul style=\"padding-left: 12px;\">                                         <li>Kesesuaian judul</li>                                         <li>Kesesuaian substansi</li>                                     </ul>                                 </div>                                 <div class=\"col col-lg-1\">                                     <p>15%</p>                                 </div>                                 <div class=\"col col-lg-1\">                                     <p>10-100</p>                                 </div>                             </div>                             <div class=\"row d-flex align-items-center\">                                 <div class=\"col col-lg-2\">                                     <p>Gagasan tertulis</p>                                 </div>                                 <div class=\"col col-lg-5\">                                     <ul style=\"padding-left: 12px;\">                                         <li>Gagasan yang inovatif dan aplikatif</li>                                         <li>Penyajian data yang relevan dan komprehensif</li>                                         <li>Kemampuan analisis</li>                                     </ul>                                 </div>                                 <div class=\"col col-lg-1\">                                     <p>40%</p>                                 </div>                                 <div class=\"col col-lg-1\">                                     <p>10-100</p>                                 </div>                             </div>                             <div class=\"row d-flex align-items-center\">                                 <div class=\"col col-lg-2\">                                     <p>Penulisan</p>                                 </div>                                 <div class=\"col col-lg-5\">                                     <ul style=\"padding-left: 12px;\">                                         <li>Kesesuaian format</li>                                         <li>Penggunaan PUEBI yang tepat</li>                                         <li>Tata kalimat yang akademik</li>                                     </ul>                                 </div>                                 <div class=\"col col-lg-1\">                                     <p>25%</p>                                 </div>                                 <div class=\"col col-lg-1\">                                     <p>10-100</p>                                 </div>                             </div>                             <div class=\"row d-flex align-items-center\">                                 <p>Untuk kriteria penilaian yang lain dapat dilihat pada booklet.</p>                             </div>                         </div>', '<div class=\"row\">                                 <div class=\"col-3\">                                     <p>Juara I</p>                                 </div>                                 <div class=\"col-1\">                                  </div>                                 <div class=\"col\">                                     <p>Rp. 1.350.000,00 + Sertifikat</p>                                 </div>                             </div>                             <div class=\"row\">                                 <div class=\"col-3\">                                     <p>Juara II</p>                                 </div>                                 <div class=\"col-1\">                                  </div>                                 <div class=\"col\">                                     <p>Rp. 1.150.000,00 + Sertifikat</p>                                 </div>                             </div>                             <div class=\"row\">                                 <div class=\"col-3\">                                     <p>Juara III</p>                                 </div>                                 <div class=\"col-1\">                                  </div>                                 <div class=\"col\">                                     <p>Rp. 950.000,00 + Sertifikat</p>                                 </div>                             </div>                             <div class=\"row\">                                 <div class=\"col-3\">                                     <p>Best Paper</p>                                 </div>                                 <div class=\"col-1\">                                  </div>                                 <div class=\"col\">                                     <p>Rp. 125.000,00</p>                                 </div>                             </div>                             <div class=\"row\">                                 <div class=\"col-3\">                                     <p>Best Presentation</p>                                 </div>                                 <div class=\"col-1\">                                  </div>                                 <div class=\"col\">                                     <p>Rp. 125.000,00</p>                                 </div>                             </div>                             <p>Semua peserta mendapatkan E-Sertifikat</p>\r\n<div class=\"row\">\r\n                                <div class=\"col-lg-12\">\r\n                                    <h4>Contact Person:</h4>\r\n                                    <ul>\r\n                                        <li>Maisa Nurul F (082166983533)</li>\r\n                                        <li>Hanifah Dwi L ( 08891274772)</li>\r\n                                    </ul>\r\n                                </div>\r\n                            </div>', 'Lomba/Lkti'),
(6, 3, 'BP.svg', 'Business Plan Competition', 'https://ipb.link/booklet-bp-agridation2022', '<ol>                                 <li>Peserta lomba merupakan mahasiswa aktif yang menempuh program D3, D4, dan S1 di PTN maupun PTS di seluruh Indonesia                                 </li>                                 <li>Jumlah kelompok terdiri atas 3-5 mahasiswa</li>                                 <li>Memiliki bisnis baru atau yang sudah berjalan</li>                                 <li>Peserta lomba hanya mengirimkan satu karya terbaik dan belum pernah dipublikasikan atau belum pernah menjadi juara pada lomba lain</li>                                 <li>Peserta lomba harus dari perguruan tinggi yang sama</li>                                 <li>Dalam kelompok diwajibkan menunjuk satu orang sebagai ketua</li>                                 <li>Produk tidak boleh mengandung unsur yang bersifat negatif, SARA, narkotika maupun pornografi</li>                                 <li>Keputusan juri bersifat mutlak dan tidak dapat diganggu gugat</li>                             </ol>', '<ol type=\"a\">                                 <li>Peserta diminta membuat proposal Business Plan (Rencana Bisnis) sesuai dengan format dan topik yang diberikan.</li>                                 <li> Format Flyer:                                     <strong>                                         <ul>                                             <li>Flyer yang dibuat mendeskripsikan produk</li>                                             <li>Flyer dapat dibuat dengan aplikasi pendukung (aplikasi bebas tidak ada ketentuan)</li>                                             <li>Flyer dikirimkan dalam bentuk softcopy dengan format PNG, resolusi minimal 300ppi. Ukuran A4 (21 cm x 29,7 cm)</li>                                             <li>Flyer tidak mengandung unsur yang bersifat negatif, SARA, narkotika maupun pornografi</li>                                         </ul>                                     </strong>                                 </li>                                 <li>Proposal dikumpulkan maksimal sampai tanggal 24 Juli 2022</li>                                 <li>Proposal yang terpilih menuju tahap akhir (grand final) sebanyak 5 tim.</li>                                 <li>Tim yang lolos menuju grand final diminta untuk membuat PowerPoint yang akan dipresentasikan pada saat pelaksanaan acara.</li>                                 <li>Power point akan ditampilkan dan dipresentasikan oleh peserta, kecuali bila ada kendala maka akan ditampilkan dari pihak panitia.</li>                                 <li>Presentasi dilakukan menggunakan format pitchdeck</li>                                 <li>Untuk presentasi akan dilakukan melalui via zoom dan akan diberikan waktu 15 menit untuk mempresentasikan hasil bisnis dan sesi tanya jawab 10 menit.</li>                                 <li>Setelah presentasi peserta diharapkan tetap berada di room zoom sampai akhir acara.</li>                             </ol>', '<h4>dan Pengumpulan Karya</h4>                             <ol>                                 <li>Mengisi formulir pendaftaran online dan mengirim bukti biaya pendaftaran melalui website https://agridation.id </li>                                 <li>Wajib mengupload KK,KTP,KTM (pilih salah satu)</li>                                 <li>Pembayaran biaya pendaftaran melalui transfer ke rekening BNI 1250309286 a/n Yufita</li>                                 <li>Peserta diwajibkan mengupload twibbon di akun Instagram masing-masing. Link twibbon dapat diakses di (<a target=\"_blank\" style=\"text-decoration:none; color:black;\" href=\"https://ipb.link/twibbon-business-plan-agridation22\"><strong>https://ipb.link/twibbon-business-plan-agridation22</strong></a>)</li>                                 <li>Biaya yang sudah dibayarkan tidak dapat ditarik kembali dengan alasan apapun.</li>                                 <li>Pengumpulan karya berupa soft file paling lambat 24 Juli 2022 dan dikirim melalui link <a style=\"color:black; text-decoration:none;\" href=\"https://bit.ly/pengumpulankarya-BP\"><strong>https://bit.ly/pengumpulankarya-BP</strong></a> dengan format: Nama file: <strong>BP_Nama Tim_Institusi_Judul BP</strong></li>                                 <li>Mengunggah lembar orisinalitas pada link pengumpulan karya</li>                                 <li>Karya yang diterima setelah tanggal 24 Juli 2022 tidak akan diterima dan dianggap mengundurkan diri.</li>                                 <li>Pengumuman grand final pada tanggal 5 September 2022 </li>                                 <li>Tim yang lolos menuju grand final diminta untuk membuat PowerPoint yang akan dipresentasikan pada pelaksanaan acara presentasi BP</li>                                 <li>PowerPoint dikumpulkan kepada panitia selambat-lambatnya pada tanggal 17 September 2022 pukul 23.59 WIB.</li>                                 <li>Pengumpulan PowerPoint melalui link yang akan diberikan pada setiap ketua tim.</li>                                 <li>Pelaksanaan acara presentasi BP dari para peserta pada tanggal 18 september 2022 via zoom meeting.</li>                             </ol>', '<div class=\"row\">                                 <div class=\"col col-lg-5 list-lomba\">                                     <ul>                                         <li>Pendaftaran dan pengumpulan proposal</li>                                         <li>Penilaian proposal</li>                                         <li>Pengumuman lolos tahap proposal</li>                                         <li>Pembuatan dan pengumpulan flyer bisnis</li>                                         <li>Penilaian</li>                                         <li>Pengumuman lolos tahap presentasi</li>                                         <li>Technical meeting</li>                                         <li>Penyusunan dan pengumpulan PPT</li>                                         <li>Presentasi</li>                                         <li>Penilaian keseluruhan</li>                                         <li>Pengumuman dan hari puncak</li>                                     </ul>                                 </div>                                 <div class=\"col list-lomba\">                                     <ul>                                         <li>: 19 Juni – 24 Juli 2022</li>                                         <li>: 25 Juli – 7 Agustus 2022</li>                                         <li>: 9 Agustus 2022</li>                                         <li>: 10 – 21 Agustus 2022</li>                                         <li>: 22 Agustus – 3 September 2022</li>                                         <li>: 5 September 2022</li>                                         <li>: 11 September 2022</li>                                         <li>: 12 – 17 September 2022</li>                                         <li>: 18 September 2022</li>                                         <li>: 18 – 23 September 2022</li>                                         <li>: 25 September 2022</li>                                     </ul>                                 </div>                             </div>', '<div class=\"col-12 col-lg-9\">                             <div class=\"row\">                                 <div class=\"col col-lg-12\">                                     <p>Indikator dan Kriteria penilaian dapat dilihat secara lengkap pada booklet.</p>                                 </div>                             </div>                         </div>', '<div class=\"row\">                                 <div class=\"col-2\">                                     <p>Juara I</p>                                 </div>                                 <div class=\"col-1\">                                  </div>                                 <div class=\"col\">                                     <p>Rp. 2.150.000,00 + Sertifikat</p>                                 </div>                             </div>                             <div class=\"row\">                                 <div class=\"col-2\">                                     <p>Juara II</p>                                 </div>                                 <div class=\"col-1\">                                  </div>                                 <div class=\"col\">                                     <p>Rp. 1.150.000,00 + Sertifikat</p>                                 </div>                             </div>                             <div class=\"row\">                                 <div class=\"col-2\">                                     <p>Juara III</p>                                 </div>                                 <div class=\"col-1\">                                  </div>                                 <div class=\"col\">                                     <p>Rp. 950.000,00 + Sertifikat</p>                                 </div>                             </div><div class=\"row\">                                <div class=\"col-lg-12\">                                    <h4>Contact Person:</h4>                                    <ul>                                        <li>Tiara Septiani (082166692027)</li>                                        <li>Audy Miftahul (085777218762)</li>                                    </ul>                                </div>                            </div>', 'Lomba/Businessplan');

-- --------------------------------------------------------

--
-- Table structure for table `glomba`
--

CREATE TABLE `glomba` (
  `id_glomba` int(11) NOT NULL,
  `nama_ketua` varchar(255) NOT NULL,
  `anggota1` varchar(255) DEFAULT NULL,
  `anggota2` varchar(255) DEFAULT NULL,
  `anggota3` varchar(255) DEFAULT NULL,
  `anggota4` varchar(255) DEFAULT NULL,
  `pengumpulan_karya` text DEFAULT NULL,
  `pengumpulan_ppt` text DEFAULT NULL,
  `flyer` text DEFAULT NULL,
  `bukti_identitas` text NOT NULL,
  `bukti_follow` text NOT NULL,
  `bukti_posting` text DEFAULT NULL,
  `bukti_pembayaran` text NOT NULL,
  `id_lomba` int(11) NOT NULL,
  `id_user` int(11) NOT NULL,
  `status` varchar(50) NOT NULL,
  `date_created` timestamp NOT NULL DEFAULT current_timestamp(),
  `date_update` timestamp NULL DEFAULT NULL
) ENGINE=InnoDB DEFAULT CHARSET=latin1;

--
-- Dumping data for table `glomba`
--

INSERT INTO `glomba` (`id_glomba`, `nama_ketua`, `anggota1`, `anggota2`, `anggota3`, `anggota4`, `pengumpulan_karya`, `pengumpulan_ppt`, `flyer`, `bukti_identitas`, `bukti_follow`, `bukti_posting`, `bukti_pembayaran`, `id_lomba`, `id_user`, `status`, `date_created`, `date_update`) VALUES
(40, 'Yulia Saputri', 'Muhammad Pippototti Ramadhan', 'Rofi Darmawan', NULL, NULL, NULL, NULL, NULL, '1b0689c31f1a97ab14c8f09c1950e194.zip', 'f38277b7fe605ca1844a4ea70726b99f.zip', '11ccf1fbb22682deed38eb28329f1e21.zip', 'e282e6a72f653db3363c0ae2b8369e01.jpeg', 1, 23, 'V', '2022-06-25 21:10:43', '2022-07-01 19:28:13'),
(41, 'William Ekachandra', 'Zoelyn W', 'Bryan Raffello Yohanes', NULL, NULL, NULL, NULL, NULL, '2ef74befbdb22a824523fb3a8af9c7e1.rar', 'b70157796fa2673b6952ecb999737215.rar', NULL, 'a0a10b440563242434010fdc7edd1b08.jpg', 3, 44, 'V', '2022-06-25 21:36:58', '2022-07-23 18:21:40'),
(44, 'Yuriko Azrina Ghassani', NULL, NULL, NULL, NULL, NULL, NULL, NULL, '0965a2ae6e35628b30b45a0415bc109e.png', '7165e1b00939e408df2a8a3451b3e74a.jpeg', 'c621af05bc9f9b99596c4a35b4e5e70e.jpeg', '72908ccd1e7ce0775472b6dfc41d05e5.jpeg', 6, 45, 'V', '2022-06-28 09:21:27', '2022-07-01 19:29:37'),
(51, 'Zahra Oktavially', NULL, NULL, NULL, NULL, NULL, NULL, NULL, '5685cec67f1f0b9abda0c602fb325707.jpeg', '306a3c7b79ff13694bdd83938a22fef1.jpeg', '5377e1c36e55b3d201b09732705b7d83.jpeg', 'aaba6695b2e0f7eaa129f45f2e52f200.jpeg', 6, 58, 'V', '2022-07-01 19:51:19', '2022-07-01 20:07:35'),
(52, 'Muhamad Agung Rizki', NULL, NULL, NULL, NULL, NULL, NULL, NULL, 'ff86bbb791549b7a3545237989edd9d3.jpg', '26c0947a91864986fca6528e1414ba18.jpg', '69a2110a7a995bb307a6b2b4aea758ed.png', '59ca1726da270fadcd4f400225d5b656.png', 6, 87, 'M', '2022-07-02 03:05:56', NULL),
(53, 'Novemia Annisa Ramadhanti', NULL, NULL, NULL, NULL, NULL, NULL, NULL, '4bee566196c9070681182bf5edde5bb2.jpg', '01358008c2d65cf0e0624c1df4529c31.jpg', 'ef265e73d3d75c73a911c35519621294.jpg', '02e79cd4d9d3c65957a06f54d870b47f.jpg', 6, 97, 'V', '2022-07-04 08:18:56', '2022-07-06 10:54:57'),
(54, 'Farah Sabara Putri Puspita', NULL, NULL, NULL, NULL, NULL, NULL, NULL, 'd043b4e7182c801c333c84233e528206.jpg', '0e9620a59546ae4ee7ecbe06d49384ea.png', 'ecbe07186ce20caa5c81989451b2105b.png', '9209caccb34d8bce13e493667fc876bf.jpg', 6, 109, 'V', '2022-07-05 17:37:43', '2022-07-06 10:54:45'),
(55, 'Daksa Lintang Satyawadi', 'Farah Sabara Putri Puspita', NULL, NULL, NULL, NULL, NULL, NULL, '908cf2205f8eadff9e1830e478654cfb.rar', 'e024bcde36e9f5d9aa89d33fff88a03f.rar', 'ca8e275189f47100883edd7311248ced.rar', '290622a57e1fe7e20fcf14072b362bc8.jpg', 1, 108, 'V', '2022-07-05 18:13:00', '2022-07-06 19:23:26'),
(56, 'Rizky Fahrezi', 'Awalia Syafitri', NULL, NULL, NULL, NULL, NULL, NULL, '6e48ba43250344afc9969f43bfb55658.jpg', 'cefe603df20cd00152bf6761e848371e.jpg', 'bbbdb5cd28fe93a5419d65db4842e78a.jpg', '26ab458e8036d66a82654bc6d86e05bf.jpg', 2, 103, 'V', '2022-07-07 21:36:16', '2022-07-12 10:18:41'),
(57, 'Sophia Mia Dinata', 'Sophia Mia Dinata', NULL, NULL, NULL, NULL, NULL, NULL, '1d82079618cbc0541fd1d555a470910e.jpg', '5d8336942ef0660a57a39159451e9b2e.jpg', 'e33792f04d0e7c3bc4dd74252a7cec80.jpg', 'd707d8d2a39e99e090dafb67206c410e.jpg', 2, 119, 'V', '2022-07-08 06:17:22', '2022-07-12 10:18:50'),
(58, 'Klarisa Dwita Putri', NULL, NULL, NULL, NULL, NULL, NULL, NULL, '845a37d17a31e1afd3c437abf74c084b.jpeg', 'd14034ed04cfbf60460524a47b261548.jpeg', '3f32d4ad3c374f29124f279de1eae9e9.png', '592d955f8fc225d68175f95ca627a9ea.jpeg', 6, 127, 'V', '2022-07-08 12:26:32', '2022-07-11 18:50:07'),
(59, 'Bukhori', NULL, NULL, NULL, NULL, NULL, NULL, NULL, 'fcf6ad55c98f17f7f4d8f70d8e6530be.jpg', '78b7edad37093a913185a10bd633024e.jpg', 'b0d5408a25a3e38ceae8592f3fe40309.jpg', 'f065e3de0b0a5fc9cf56739e1dbed044.jpg', 5, 125, 'V', '2022-07-08 13:14:25', '2022-07-10 20:58:16'),
(60, 'Mufti hakimudin', 'Amara ayu fikriyah', 'Fera utami', 'Hapipudin', NULL, NULL, NULL, NULL, '5ba09270f6ae5d3269ec2d2f785ea311.zip', '5ef3f09f789e145e179feda0aba94ded.zip', '672925fe4a6c3058c4e2887eedd61cc2.zip', '15638464867b0396d29a23ec969373f3.jpg', 4, 116, 'V', '2022-07-08 13:26:05', '2022-07-19 19:11:34'),
(61, 'Ronal Panjaya S', 'Feby Yola Intan Diva', 'Lisa Monica', 'Kholisah Al Fitri', 'Sudinta', NULL, NULL, NULL, 'dcca6a70ac8f7f2db9ecffdca91f20c3.zip', '5e48a6ef4226e9dedf8db45dbfc6d902.zip', 'ff1446bf665538da9c03e96c681863fa.zip', '5958bf6002db90e0b1f51d5e0a97fa7a.jpeg', 3, 114, 'V', '2022-07-09 09:46:05', '2022-07-23 18:21:30'),
(64, 'Tesa Oktafira Dewanti', 'Rauf Karim', '-', NULL, NULL, NULL, NULL, NULL, '57609a736e884d77d096db3a13a96e78.rar', 'c292e856437886fe1fad6dcc680ea910.rar', '9569fa5730ec05d44d785386f97f6c8d.rar', '0e4c18826c14764ba5660395731b9e3c.jpeg', 1, 118, 'V', '2022-07-10 15:32:50', '2022-07-11 00:29:13'),
(65, 'Januari Kartika Sari', 'Fakhita Safana Mumtaz', 'Fathna Nur Ajniha', NULL, NULL, NULL, NULL, NULL, '556302905584282b79b6be5f865675f8.rar', 'a836a1f819294072885b9ffe541428c6.rar', 'bde8cf93ffa042136527682b8d5852d9.rar', '695e0398d2c4993af53f34c582ea9b7a.jpeg', 1, 40, 'V', '2022-07-10 16:45:12', '2022-07-11 00:33:38'),
(66, 'Andry Prasetyo', 'Ilma Rafi Muflihatu Yumna', 'Arum Setyowati', NULL, NULL, NULL, NULL, NULL, 'bd958c7db02f4946916036d76c4e186f.zip', 'a5e38b4062cc516308627250d694a918.zip', '3e950bd9fc854233d1666dfd34f8240d.zip', '5fe7d8ba62847cf3249aec2bdb852c37.jpeg', 1, 140, 'V', '2022-07-10 23:05:31', '2022-07-11 22:17:00'),
(67, 'M YUNUS', NULL, NULL, NULL, NULL, NULL, NULL, NULL, 'f0ff51da117fcd3e35fd130a1f8da488.jpeg', '2e9b5b37ac5ea377b14cd64943af1462.jpeg', '7e732be3f9d405f481321528f61483f1.jpeg', '133fdcfea21bbcbeda11c06315589456.jpeg', 5, 150, 'V', '2022-07-12 13:13:43', '2022-07-12 17:09:29'),
(68, 'Ira Syahriani', NULL, NULL, NULL, NULL, NULL, NULL, NULL, 'ec9fb6caabfd7abe6666c3bf47c5b173.jpg', '262bf5738a9f04b8bbcca09e04a7ab0d.jpg', 'b64d75de57b03a97f3ce3f7cc8281671.jpg', '94e0aa3a9b39e2aa55e1c357bd336b4a.jpg', 2, 77, 'V', '2022-07-12 19:36:33', '2022-07-13 18:48:33'),
(69, 'Beltsazar Amethyst Marviradi Prandaka', 'Wasis Waskito Ajie', 'Deni Gusti Yandi', '-', '-', NULL, NULL, NULL, '1b23e5c57847de22b2d42a9fe586cad4.zip', '6362beb8ef1b63669b02795fa4193466.zip', 'db017fe729e0a8b3a894b0aeca8eddc7.zip', '6b9631cac50c911b64ab01660546c491.jpeg', 3, 147, 'V', '2022-07-14 23:18:02', '2022-07-23 18:21:12'),
(70, 'Ikhsanudin', 'Arif Fadhilah Fitriyanto', 'Irene Delia', NULL, NULL, NULL, NULL, NULL, '259df8911c7489803dfc15339f5484d5.rar', '029592571869cf203a310c33024a2f0d.rar', '589784093c2676dd59364dcd130f4f66.rar', 'e9fe0acd1cfbd5c4d69c9fa17b4c3899.jpeg', 1, 129, 'V', '2022-07-19 21:15:07', '2022-07-20 22:32:02'),
(72, 'tes', 'tes', 'tes', 'tes', 'tes', NULL, NULL, NULL, 'ea4fa383817ff332943fd2b65b35c756.rar', '58b289c47d8814d75154c018e462505c.rar', 'cf33622d12098bfbabd1a4c659359a1c.rar', '98a550cf044d76eb19a5f7ea7ed9fe79.png', 3, 4, 'V', '2022-07-21 17:16:36', '2022-07-21 17:17:12'),
(73, 'Eno Altriana P', 'Trisna Istiani', 'Dani  Ramdani', NULL, NULL, 'bfee782cf3e53ddccf04c0ce6cb2d04e.jpg', NULL, NULL, 'a81980ce201b2082539976d2a8f97ec2.rar', 'e751ec95272f14081a52d2f8ce359ae2.rar', '9850cc10056b07a73670de574aead40f.rar', 'e92a240ac2386489e3c322c53658b30c.jpeg', 3, 182, 'PK', '2022-07-21 18:37:52', '2022-07-23 18:21:18'),
(74, 'Hunafa Imania Aditya', 'M. Ravi Al Qifary', 'Dela Fitria Nurdiantini', NULL, NULL, NULL, NULL, NULL, 'b3de2654ce957f7ac4f6aeed5467ca7b.zip', '148e75ddb84b76aa5305b07b1efc7b05.zip', 'e9bfb7cb02cf510d01f56d1ad0fc03be.zip', 'FT197898396.png', 1, 173, 'V', '2022-07-21 19:48:43', '2022-07-21 20:09:01'),
(75, 'M. Ravi Al Qifary', 'Dela Fitria Nurdiantini', NULL, NULL, NULL, NULL, NULL, NULL, '8fa6c70d35751d405718dc58f2e492bb.rar', '04b17b2fe2d4832798c4ca64af0262d6.rar', '3b81dfb9bea2e699100793e6f2ed6934.rar', 'd22e15b8dcdd7b039d48977a999bcf9f.jpg', 1, 172, 'V', '2022-07-21 21:20:18', '2022-07-23 21:09:21'),
(76, 'Ardany Tri Subekhi', 'Nur Zahro Charissa Rahma', 'Zhamira Salim', NULL, NULL, NULL, NULL, NULL, '69e3e6252ad1b8cc42a999c68d213727.zip', '51486361669117b428a76e2f62e37511.zip', 'dab3c1b938bf4f767a46797d044893fb.zip', '05275f1775cb0414d8b51ed84eacf657.jpg', 1, 183, 'V', '2022-07-21 21:30:04', '2022-07-22 23:14:41'),
(77, 'Septihani Michella Wijaya', 'Angely Olivia Putri', 'Happy Visiera Chen', '-', '-', 'd1cb89fd366093b7c2085bea2e8e086f.jpeg', NULL, NULL, 'a03b69bf3c2446bd429648854853e4d0.rar', '622a635005cd3e4b46f9c213b53713fd.rar', '4847980f9cb0c426b7f6ebfd3e42c7a1.rar', 'a7bc6ef289d6bbcee2824d1ae4e5ff5e.jpeg', 3, 178, 'PK', '2022-07-22 16:23:54', '2022-07-23 18:21:35'),
(78, 'Vitri Puspitasari', 'Kania Dafina', 'Sintia Maharani', NULL, NULL, NULL, NULL, NULL, '4742e3c62658d47c8faca7232b90d5d4.rar', '5031970f12373aa4183a8fab63b15e46.rar', '4659ddf83086e4128a5c88c070f16675.rar', '786dd039fcd6e4dc5e4e9952235827c7.jpeg', 1, 186, 'V', '2022-07-24 15:12:05', '2022-07-25 22:07:02'),
(79, 'Salsabila Aulia Rahmadani', 'Muthia Zahra Mutmainnah', 'Akhmad Nur Muzakki', 'Dea Monica Efendi', 'Mahardika Wiratama', '344fcd67c2004f32696ffe79b1993ac6.jpg', NULL, NULL, '58c09827939f50c54dc1779e0cc27597.zip', 'bf0fc0557b488eec6b05e0fbfeb04228.zip', '1a7b9ff33aa37a7c1b6c2bbcae5e9263.zip', '2e2462f7fa3183af169d29bb5b090060.jpg', 3, 187, 'PK', '2022-07-24 18:45:06', '2022-07-31 19:00:16'),
(80, 'Muhammad Syafa\'atur Rahmandani', 'Kanzulia Arsyta Qaribil Hasanah', 'Sri Nindyawati', 'Ivo Rajava Fiba', 'Adelia Adisti Malinda', NULL, NULL, NULL, '6f6a5418bef7d79eb4ce25923bac1ee5.rar', '9568b1e4014818e29435944d695a1e97.rar', '25aaaaf7b4ad60800621e72092db0282.rar', '37a8e66de8c7e5e5e9c42cd5f01263ba.jpg', 3, 190, 'V', '2022-07-24 21:32:46', '2022-07-24 21:53:12'),
(81, 'Aulia Mila Husna', 'Abe Satitah Endah Yuska', 'Nadia Handri Pratiwi', 'Salsabila Fajar Isnaini', NULL, '54ea1e09ebd1111e3ea9dd84a223711c.png', NULL, NULL, '879cad384d63c5d1ae511dbd12fa41ca.zip', '44b19d1ac32e6f4e8b5ce779fe5ef7b6.zip', '62e9b6bd80bdf927dc9cb31eb774ab2f.zip', 'cb3b8dec776e93da869ea07349f4c5a3.jpeg', 3, 42, 'PK', '2022-07-24 21:42:02', '2022-07-24 22:15:35'),
(83, 'Dede Marlina', 'Setyani Rianita Puspita Sari', 'Siti Kurnia Hesya Nugraha', NULL, NULL, NULL, NULL, NULL, '35f37aac2fc0ce8b83ab31caf2ed1717.rar', '28bcb08cf3922b279efb2cc006e0c6a4.rar', 'dce1e25e722c0da8ff0ea649ce88c497.rar', 'd300b84f427233dda10cd46bad866d47.jpeg', 1, 185, 'V', '2022-07-26 12:05:23', '2022-07-26 19:03:37'),
(84, 'Ressy Shalika', 'Denisa Amelia Putri', 'Fauzyyah Haura Salma', NULL, NULL, NULL, NULL, NULL, '7d4e763942e87b7f03d7abdc3922a56c.zip', 'a9a523faa09822ca5f2729816c8d2a1c.zip', 'd75a544d6f38d1feb784dbbcfe2e4e4c.zip', '35acd552c20ccbee3b5ccf2fc04ea8c8.jpg', 1, 195, 'V', '2022-07-26 19:36:10', '2022-07-29 07:43:20'),
(85, 'Samuel Harapan Senangta Sebayang', NULL, NULL, NULL, NULL, NULL, NULL, NULL, 'd1bb0a4582f29bd40a02d1a8335e555b.jpeg', '5ba9d5127e9ea7eb30116746f6cab949.jpeg', 'f6a946cfd60fe5100be6fec6b551e816.jpeg', 'a29600c13a23d82ab780a0a294a85e35.jpeg', 6, 181, 'V', '2022-07-26 19:39:02', '2022-07-26 19:51:38'),
(86, 'Shintya Yuli Rahayu', 'Chindy Despriyanti', 'Putri Yulia Utami', NULL, NULL, NULL, NULL, NULL, '23cd101e68bfa61520ce58d260c18f66.zip', '6de7a8f9895a22e078e59c2af2f63704.zip', '885965f33c81dce2ea1fe366c62c4faf.zip', '4084116df196a338b6c957f1696433ad.jpg', 1, 176, 'V', '2022-07-27 20:17:41', '2022-07-29 07:47:49'),
(87, 'FAHMI AZRIAL', 'MIR\'ATUL QUDSIYAH', NULL, NULL, NULL, NULL, NULL, NULL, 'd025e6fd90c188a68c87b57b46c60750.zip', '6319363a9c2db8a2e0504f77777f9ab4.zip', 'ccf55f8d04abdfead5f0914bf8218ac0.zip', '566b6c7cf04f4d7bb88a461ba68a2ed3.png', 1, 153, 'V', '2022-07-28 16:36:59', '2022-07-29 07:50:18'),
(89, 'Ayum Nindy Premadita', NULL, NULL, NULL, NULL, NULL, NULL, NULL, '9b2b781113b0e6621bcf0a4df9c67d5c.jpg', '71aba0a5760cf79e6f56f021aaf9d2f8.jpg', 'df39478b3dcc1208f415ae84fba56b74.jpg', '6820a49e1d85a09e712234fc320d7faf.jpg', 5, 165, 'V', '2022-07-29 19:20:39', '2022-07-29 19:55:55'),
(90, 'Fiska Amelia', NULL, NULL, NULL, NULL, NULL, NULL, NULL, '75762bba099e71b6310a182dec24ec27.jpg', '7e82c422af030fe4ddf140d89d3c2554.jpg', 'ff7a6cc1c5b2a7bba282b2b4c2dd95b5.jpg', '4f86624cf47ddf53ca772fb9612134e4.jpg', 6, 201, 'V', '2022-07-29 21:13:54', '2022-08-02 18:58:39'),
(91, 'Fiska Amelia', NULL, NULL, NULL, NULL, NULL, NULL, NULL, 'cb362364c65c55c404da6ce9445a01fe.jpg', 'd29abd2ae6aa279ab9212b831c2dbc1c.jpg', 'c011cbfe243b700c7458ae74b485e012.jpg', '8c12c08760f6e649b979645ee2cc99ce.jpg', 6, 201, 'V', '2022-07-29 21:14:05', '2022-08-05 15:05:31'),
(92, 'Fiska Amelia', NULL, NULL, NULL, NULL, NULL, NULL, NULL, 'e34d61f5fb3a3653fc5e58c45ac97c24.jpg', 'b04de8f7f931847725f6534bbf7fded1.jpg', '2b5af4dae5142e8c7931faafbf1dacfb.jpg', '4caa270da7cdf3cf4f33d60b903533c6.jpg', 6, 201, 'V', '2022-07-29 21:14:23', '2022-08-02 18:58:57'),
(93, 'Arshya Nadine Muliya', NULL, NULL, NULL, NULL, NULL, NULL, NULL, '71c143c5e609c2c11be1bb9adfd0f276.jpeg', '734a406ee9f6978a50a4b334184e0ece.png', '407b4b983529daeb8c339aa2bb7a371a.png', '7bd6f82395b874564c786dbaa06fdca0.png', 6, 203, 'V', '2022-07-29 22:56:46', '2022-08-02 18:57:56'),
(94, 'Ruli Ajeng Kartini', 'Anisa Saharani', 'Devita Fujiyawati', 'Angel Agustin Darmawan', 'Muhammad Abror Aldzaky', NULL, NULL, NULL, 'ebb8cb480a96026abf0a0f0bf46999a2.rar', '0dbfa088dbf7d1a55a079da1d5f7e6ef.rar', '7abc539bb49817d4d99f29e91874d544.rar', '20dadff9e7e5db558dae14bf2ff706ae.jpg', 3, 204, 'V', '2022-07-30 14:12:19', '2022-07-31 19:00:09'),
(95, 'Aisah Putri Indrahartati', NULL, NULL, NULL, NULL, NULL, NULL, NULL, 'ebd264b5b33de37b3db4bff2c09f50eb.jpg', '40f32a36f2ae3eafaf56db3ab712b20d.jpg', '314d9fdf21f094aff8b370cc0575042f.jpg', '49f6a272282ed05b84dd30635f84a62a.jpg', 6, 212, 'V', '2022-07-30 18:02:06', '2022-08-02 18:57:40'),
(96, 'Ilma Kanzu Iklima', 'Lindia Rizkitasari', NULL, NULL, NULL, NULL, NULL, NULL, 'f5b2a1759b74ead6ae796aa211ec6149.rar', '5560dedae84d26c848681cb5af7d608b.rar', 'ea18d8a1767fceb2b4ced3793682d78a.rar', '321b216703d65279ccbb999e449c40b2.jpg', 2, 180, 'V', '2022-07-30 19:33:54', '2022-08-02 19:39:26'),
(97, 'Iman Syavian', 'Yulia Saputri', NULL, NULL, NULL, NULL, NULL, NULL, '2c436fafc0c616b04195b4f1d410136a.zip', 'e60a76ffc6fc1332c7c1a356c62c8708.zip', 'cbc10dc6af59750b8d668ea34c429dc6.zip', 'a019879c7dbe57122d23ee29d7f51c91.png', 2, 215, 'V', '2022-07-30 21:51:40', '2022-08-02 19:39:46'),
(98, 'Aisah Putri Indrahartati', 'Aisah Putri Indrahartati', NULL, NULL, NULL, NULL, NULL, NULL, '1c18a64c82bf221fab81c087b7c52d48.jpg', 'baaecd4bb141c3ffbaec4708709c2572.jpg', '7bddbeff07cb2c8d1df4342890864d0d.jpg', 'd43916c7f4545d1f872180fe482c1002.jpg', 2, 212, 'V', '2022-07-30 22:46:25', '2022-08-02 19:39:40'),
(99, 'M. Egitia Zaini', NULL, NULL, NULL, NULL, NULL, NULL, NULL, '62e153b79170ef317276953520cfae01.jpg', '3294c631042e19d737b23a28c53aefb6.jpg', 'd82f46d1ebf507fe922ce67b44ab04b8.jpg', 'fc573c263a92fef801ecf2d319d48e12.jpg', 6, 202, 'V', '2022-07-30 23:44:37', '2022-08-02 18:59:20'),
(100, 'Perinna Adila Putri Sirait', 'Nelly Christy Pintauli Purba', 'Triana Rahayu Ningsih', NULL, NULL, NULL, NULL, NULL, '8739c6c1b6816bb656adde8f5b938f7a.zip', 'a3633e13e628856fd17b5275fdcdd90a.zip', 'b7e7678483f370892b65085cb94137c1.zip', '3276b1432b2ae71df15af77f0b8fc10c.jpeg', 1, 226, 'V', '2022-07-31 23:23:15', '2022-08-02 10:08:11'),
(101, 'Alya Hawaidha', NULL, NULL, NULL, NULL, NULL, NULL, NULL, 'a80398a9bd68f18f90875f41ab010a2f.jpg', 'b36b62026aec98a56c842b18a0c2e05d.jpg', '31cdf6d6d2e410cc9113b0c7b2445afa.jpg', '18c460457b9511a359304ee6f167d6c9.jpg', 6, 218, 'V', '2022-08-01 19:35:15', '2022-08-02 18:57:47'),
(102, 'Chyntia Dewi Agustin', 'Afifah Amiratul Mufidah', 'Shabrina Putri Maharani', NULL, NULL, NULL, NULL, NULL, '32a8bcd01a99f9af6a0e7919917857b7.rar', 'e3fd184e8266b429487723c9545f3431.rar', 'f351a57bcdcae7a7f9b254d107eefd9c.rar', '1dce72ac311bb51adede4a41750a1f91.jpg', 1, 231, 'V', '2022-08-01 20:59:01', '2022-08-02 09:42:06'),
(103, 'Muhammad Isykar Siregar', 'Elsa Oktavianti', 'Widoyo Rama Ale Mukti', '-', NULL, NULL, NULL, NULL, '5d78ec1be5af65973beb460c7c3b6d15.zip', '1117cf8656c834c5abe1e47490a13852.zip', '3b1058e873f435aef78e8a11162f65c5.zip', 'e47dc4939a26616129baa5f95581df01.jpeg', 4, 234, 'V', '2022-08-02 18:29:30', '2022-08-06 14:16:50'),
(104, 'Gelasa Leander', 'Revian Fajri Syachril', 'Muhamad Fauzan Kemal', NULL, NULL, NULL, NULL, NULL, '42535b88f6183711f4435602507c9cfc.zip', '91557f7f7d81e65b137aab0c390c086b.zip', 'a1486b544de06a39b1f25a3ced8a444b.zip', '83d26db03d5e6d16f13e8c58e74365cb.jpg', 1, 194, 'V', '2022-08-02 18:46:29', '2022-08-07 23:30:31'),
(105, 'Alliecccia Tessalonika Wijaya', NULL, NULL, NULL, NULL, NULL, NULL, NULL, '0e636822102a0043e4013220869e78d3.jpg', '132bbe1b5a55874218ab5a8a9e631487.jpg', 'a4074a00df19f0548ef68361eb33a32f.jpg', '0a8f9d602daef5741406d814cde27578.jpg', 6, 233, 'V', '2022-08-04 12:59:42', '2022-08-04 23:03:12'),
(106, 'Wahono Putra Winulyo', 'Kamila Rahayu', 'Sajidah Ma\'rufah ', NULL, NULL, NULL, NULL, NULL, 'b8ea99682e2ff71d8369d6615c7412ac.rar', '3675b118837b0ac1752263df564e4b66.rar', '7ccac89165d299fc19436a2c5c9a09a2.rar', '85b4228dc920fb7423f471cd1bf99592.jpg', 1, 207, 'V', '2022-08-05 10:58:54', '2022-08-07 23:46:35'),
(107, 'Oktif Rafiqka', NULL, NULL, NULL, NULL, NULL, NULL, NULL, '38ae61680a37b033419f2029ca64097a.jpg', '2bf755d3aa139b1f31fb762a444a3e2c.jpg', 'aad1c0f95ba2123461c8d3e11bcc1743.jpg', 'be9d3f2a976edf26ad6736dc5fb7510c.jpg', 6, 211, 'V', '2022-08-05 11:30:47', '2022-08-05 11:42:12'),
(108, 'Jihan Khairunnisa', 'Andi Muthiah M', 'Syarifa Nurul Izzah', NULL, NULL, NULL, NULL, NULL, '7368fdfd9cfd5196e7d4ee2c805b042c.zip', 'c91dad576f4f46feb14b02b0d5924cad.zip', '54732edf088df1148f98a4e6cd3ae86a.zip', '4cd0471399077725d371678ddf75459f.jpeg', 1, 243, 'V', '2022-08-05 12:27:10', '2022-08-07 23:35:14'),
(109, 'Ilhan Muhti Eka Saputra', NULL, NULL, NULL, NULL, NULL, NULL, NULL, '5c3cea20d8200f77f296c223ecd886a1.jpg', '6e7398000ed90bd040c15735f6cb7cc4.jpg', '1f26b289ca15492c4e9232acaca0d18e.jpg', '44b5e545d3a68b1bbf5d5e56211f6c14.jpg', 5, 250, 'V', '2022-08-06 07:33:41', '2022-08-07 05:40:06'),
(110, 'Seto Agung Kuncoro', 'Farel Erda Pradipta', 'Maharani Nurul Arifah', NULL, NULL, NULL, NULL, NULL, '356a4508b977d48c8a15af65d3c5cc79.zip', '818cfe04bbbbd75f723bc1988a45efd9.zip', 'fe6a451cd1b97210e6ee132b8c7ab71f.zip', 'a385ccd06d9feabbb98316f9dbf92e81.jpeg', 4, 253, 'V', '2022-08-08 20:20:18', '2022-08-09 19:50:32'),
(111, 'Muhammad Kensya Kussyahputra Hidayatullah', NULL, NULL, NULL, NULL, NULL, NULL, NULL, '4158204353463051d198d54a77f3f942.jpeg', '62dbb3aa5915642c29dcbae0f4b1fd02.jpeg', '2661a30280e273178ac36e49d51a85f3.jpeg', '51937583262419c1e58aaa970296e42f.jpeg', 6, 232, 'V', '2022-08-10 17:06:49', '2022-08-10 21:48:02'),
(112, 'Muhammad Hisyam Fadhil', 'Alifia Cantika Nurrahmah', 'Amalia Umamayse', NULL, NULL, NULL, NULL, NULL, 'fc3179cd9809c693c43a4720af049c1d.zip', '24be67dd28a9c6275d866600804b3c0e.zip', '45c5c1d553206a5dfcddedb1b395e345.zip', '72ac5ea0403bfcb85ef171e75c94487a.jpg', 1, 89, 'V', '2022-08-11 15:40:10', '2022-08-12 11:10:10'),
(113, 'nelmaeza denai', NULL, NULL, NULL, NULL, NULL, NULL, NULL, '634854d47ef103015720a71853a788d3.jpeg', '073fc8d675b731e00ffe049e5ce3cf41.png', 'a26a046456f2c648a530a3f0e5017735.png', 'b8e8e0b8f76c03081fe5b8433d8ebd6e.png', 6, 258, 'V', '2022-08-11 20:41:17', '2022-08-12 08:58:55'),
(114, 'Daru Kartiko Aji', 'Ardea Olga Ratna Kusuma Sari', 'Winda Azizah', 'Rian Fauzi Putra Munggaran', NULL, NULL, NULL, NULL, '1f6f13194560a7c4f102eb0bb71d6304.zip', '3175fde9a66314f9fc2c0578ac00c118.zip', '306e6ca9f246b7dac2f5bb0cb15bebaa.zip', '3dda18cd719dc211f8fdbe86867ed1d3.jpeg', 3, 264, 'V', '2022-08-12 18:52:27', '2022-08-12 18:56:48');

-- --------------------------------------------------------

--
-- Table structure for table `gminie`
--

CREATE TABLE `gminie` (
  `id_gminie` int(11) NOT NULL,
  `nama` varchar(255) NOT NULL,
  `id_user` int(11) NOT NULL,
  `status` varchar(11) NOT NULL,
  `bukti_identitas` text NOT NULL,
  `bukti_follow` text NOT NULL,
  `bukti_posting` text NOT NULL,
  `bukti_pembelian` text NOT NULL,
  `pengumpulan_karya` text DEFAULT NULL,
  `date_created` timestamp NOT NULL DEFAULT current_timestamp(),
  `date_update` timestamp NULL DEFAULT NULL
) ENGINE=InnoDB DEFAULT CHARSET=latin1;

-- --------------------------------------------------------

--
-- Table structure for table `gwebinar`
--

CREATE TABLE `gwebinar` (
  `id_gwebinar` int(11) NOT NULL,
  `nama` varchar(255) NOT NULL,
  `id_user` int(11) NOT NULL,
  `status` varchar(11) NOT NULL,
  `bukti_identitas` text NOT NULL,
  `bukti_follow` text NOT NULL,
  `bukti_posting` text NOT NULL,
  `date_created` timestamp NOT NULL DEFAULT current_timestamp(),
  `date_update` timestamp NULL DEFAULT NULL
) ENGINE=InnoDB DEFAULT CHARSET=latin1;

--
-- Dumping data for table `gwebinar`
--

INSERT INTO `gwebinar` (`id_gwebinar`, `nama`, `id_user`, `status`, `bukti_identitas`, `bukti_follow`, `bukti_posting`, `date_created`, `date_update`) VALUES
(5, 'Daru Kartiko Aji', 264, 'M', 'b57f421b133322308aa47a828e0b7679.jpeg', '162526abfd59bf3f9976cbe35000604c.jpeg', '2501452f524218a9617c36342d088996.jpeg', '2022-08-11 22:31:21', NULL);

-- --------------------------------------------------------

--
-- Table structure for table `mlomba`
--

CREATE TABLE `mlomba` (
  `id_lomba` int(11) NOT NULL,
  `nama_lomba` varchar(255) NOT NULL
) ENGINE=InnoDB DEFAULT CHARSET=latin1;

--
-- Dumping data for table `mlomba`
--

INSERT INTO `mlomba` (`id_lomba`, `nama_lomba`) VALUES
(1, 'lkti'),
(2, 'podcast'),
(3, 'business'),
(4, 'cvideo'),
(5, 'fotografi'),
(6, 'poster');

-- --------------------------------------------------------

--
-- Table structure for table `role_user`
--

CREATE TABLE `role_user` (
  `id_role` int(11) NOT NULL,
  `nama_user` varchar(255) NOT NULL
) ENGINE=InnoDB DEFAULT CHARSET=latin1;

--
-- Dumping data for table `role_user`
--

INSERT INTO `role_user` (`id_role`, `nama_user`) VALUES
(1, 'super_admin'),
(2, 'peserta'),
(3, 'pj_lkti'),
(4, 'pj_podcast'),
(5, 'pj_business'),
(6, 'pj_creativevid'),
(7, 'pj_photografi'),
(8, 'pj_poster');

-- --------------------------------------------------------

--
-- Table structure for table `user`
--

CREATE TABLE `user` (
  `id_user` int(11) NOT NULL,
  `name` varchar(255) NOT NULL,
  `asal_instansi` varchar(255) DEFAULT NULL,
  `gender` varchar(50) NOT NULL,
  `phone` varchar(20) NOT NULL,
  `email` varchar(255) NOT NULL,
  `password` varchar(255) NOT NULL,
  `code` varchar(20) NOT NULL,
  `verified` int(1) NOT NULL,
  `profile` text NOT NULL,
  `id_role` int(11) NOT NULL,
  `date_created` timestamp NOT NULL DEFAULT current_timestamp() ON UPDATE current_timestamp()
) ENGINE=InnoDB DEFAULT CHARSET=latin1;

--
-- Dumping data for table `user`
--

INSERT INTO `user` (`id_user`, `name`, `asal_instansi`, `gender`, `phone`, `email`, `password`, `code`, `verified`, `profile`, `id_role`, `date_created`) VALUES
(4, 'fiqih', NULL, 'Laki-laki', '08991208014', 'muhammadfiqih953@gmail.com', '$2y$10$Jy8of5LO19mprvtjzfYJ.Oc5tc5b23p8ARNpI/x3q70.IdlX27MwG', 'MUYEHtc9J7lB', 1, 'default.jpg', 2, '0000-00-00 00:00:00'),
(5, 'super admin', NULL, '-', '08888888', 'superadmin@gmail.com', '$2y$10$Jy8of5LO19mprvtjzfYJ.Oc5tc5b23p8ARNpI/x3q70.IdlX27MwG', '9999', 1, 'default.jpg', 1, '0000-00-00 00:00:00'),
(6, 'PJ LKTI', NULL, '-', '08888888', 'pjlkti@gmail.com', '$2y$10$Jy8of5LO19mprvtjzfYJ.Oc5tc5b23p8ARNpI/x3q70.IdlX27MwG', '676798928', 1, 'default.jpg', 3, '0000-00-00 00:00:00'),
(7, 'PJ Podcast', NULL, '-', '0888888', 'pjpodcast@gmail.com', '$2y$10$Jy8of5LO19mprvtjzfYJ.Oc5tc5b23p8ARNpI/x3q70.IdlX27MwG', '898989', 1, 'default.jpg', 4, '0000-00-00 00:00:00'),
(8, 'PJ Business', NULL, '-', '08888', 'pjbusinessplan@gmail.com', '$2y$10$Jy8of5LO19mprvtjzfYJ.Oc5tc5b23p8ARNpI/x3q70.IdlX27MwG', '456789', 1, 'deafult.jpg', 5, '0000-00-00 00:00:00'),
(9, 'PJ Creative Video', NULL, '-', '08989898', 'pjcreativevid@gmail.com', '$2y$10$Jy8of5LO19mprvtjzfYJ.Oc5tc5b23p8ARNpI/x3q70.IdlX27MwG', '3456789', 1, 'default.jpg', 6, '0000-00-00 00:00:00'),
(10, 'PJ Photografi', NULL, '-', '056789', 'pjfotografi@gmail.com', '$2y$10$Jy8of5LO19mprvtjzfYJ.Oc5tc5b23p8ARNpI/x3q70.IdlX27MwG', '345678', 1, 'default.jpg', 7, '2022-06-28 13:22:24'),
(11, 'PJ Poster', NULL, '-', '456789', 'pjposter@gmail.com', '$2y$10$Jy8of5LO19mprvtjzfYJ.Oc5tc5b23p8ARNpI/x3q70.IdlX27MwG', '23456789', 1, 'default.jpg', 8, '0000-00-00 00:00:00'),
(14, 'Muhammad Fiqih', NULL, 'Laki-laki', '08991208020', 'muhammadfiqih@apps.ipb.ac.id', '$2y$10$6z4e4lWdRfWa/PbofHBJj.HUenlFif1Z56VmtcohlNbla3floT6KK', 'lVaeAD9FIqpK', 1, 'default.jpg', 2, '0000-00-00 00:00:00'),
(15, 'Nova Sukmawati', NULL, 'Perempuan', '081212493908', 'novasukmawati6@gmail.com', '$2y$10$GuthGdTYOQ991eTjhk1FV.NWXoQNLnwH7o6NH.EdVD8V2l49TlaD6', '5gUreRLcAyOu', 1, 'default.jpg', 2, '0000-00-00 00:00:00'),
(16, 'Zulfa Azmi Azizah', NULL, 'Perempuan', '081288812751', 'zulfaazmiazizah39@gmail.com', '$2y$10$NThIvM0SzLTEc/wnLC.7uOA3dOsVEOVNvnKcd6TRhsy4XUkoksdz.', '4fsBUvLeIGtN', 1, 'default.jpg', 2, '0000-00-00 00:00:00'),
(17, 'Ramzy Syafiq Ibrahim', NULL, 'Laki-laki', '082127271114', 'ramzysyfq@gmail.com', '$2y$10$yMu5j9LZTG8BQM.tC5KP5.xud6aZE26K2L8Uu6a7O86H3qcmr2B9C', 'bflja7CmQVMA', 1, 'default.jpg', 2, '0000-00-00 00:00:00'),
(18, 'Bagus Ranu Rinjani', NULL, 'Laki-laki', '087770415884', 'bagus.ranurinjani27@gmail.com', '$2y$10$S7fCammgEzKfbiMt5inz3uMuEimI7JsAo74FjTVutlQs.bvTfykKC', 'nQyv651OhlPV', 1, 'default.jpg', 2, '2022-06-19 00:12:18'),
(19, 'Hilmy', NULL, 'Laki-laki', '088214053196', 'mhazrla@gmail.com', '$2y$10$rqLg1.eDkQwwlUPyizS05.arB.LB5opxrGJs0f0ugoqeGUccP2RFW', 'auNcKAQrdhZ1', 1, 'default.jpg', 2, '2022-06-19 00:12:18'),
(20, 'Muhammad Fazri Nahar', NULL, 'Laki-laki', '082138376667', 'aji.gojeng@gmail.com', '$2y$10$KHhXbJPYWGosjkdi77hhIu/k9PrHT/UhD0Y.9kPaZVkxWI/qUXqWW', 'AMW3N6SJRCl2', 1, 'default.jpg', 2, '2022-06-19 00:12:18'),
(21, 'Fitrafahira Amelia', NULL, 'Perempuan', '081298075660', 'fahirabrebes@gmail.com', '$2y$10$wV7Zkv.MPDrULnlZ49ysnuF9oWpQj1L1xttrvczS8AlFyjlOgoX1a', 'h3V2baZtURl4', 0, 'default.jpg', 2, '2022-06-19 09:19:15'),
(22, 'Siti Handariyatul Masruroh', NULL, 'Perempuan', '082234531828', 'masrurohhandariatul629@gmail.com', '$2y$10$nWv74IpLZ4GmKtHnIsS1/OFEdjP6bwXdoCnto29xf3xyq7RDAiBRu', 'hmCDNAO1lwoL', 1, 'default.jpg', 2, '2022-06-19 09:21:28'),
(23, 'Yulia Saputri', NULL, 'Perempuan', '085322616707', 'yuliasaputri@apps.ipb.ac.id', '$2y$10$xxaVyPdLkLKGvXRdMsHvZufmRWFoyBeck8duYwxSRP10MSLE5DPZa', 'rxLcwKCPFDO4', 1, 'default.jpg', 2, '2022-06-19 12:53:32'),
(24, 'Nur Hanif Anggreini', NULL, 'Perempuan', '081284712798', 'nurhanifanggreini@gmail.com', '$2y$10$AZnXOuOviT.3nb4I7SNWlunFlYISrY4tblAHoeG84nn/.6wwNEha6', 's9oFw3vuTzOh', 1, 'default.jpg', 2, '2022-06-21 08:51:12'),
(25, 'Ivan Ardiyanto', NULL, 'Laki-laki', '0895410084824', 'ivanardiyanto.2020@student.uny.ac.id', '$2y$10$kYD/Um3HiqLXFXBIu.oz2efahY7NBiUk5EzPc1G5Baq.fEU0DnfGC', '6TO85BFwgevn', 1, 'default.jpg', 2, '2022-06-22 04:00:07'),
(26, 'Pintera Oktoviantika Cahya Imani', NULL, 'Perempuan', '082225565456', 'pinteraoktoviantika.2021@student.uny.ac.id', '$2y$10$fOiqYSYP7/C.mA15S9H5MOn0kRsD/dqUJZ49QvsRZlV8bw1X/LKa6', 'hvCeby7kj5dS', 0, 'default.jpg', 2, '2022-06-21 20:02:43'),
(27, 'Ramel Akil Pratama', NULL, 'Laki-laki', '082268828408', 'ramelakil76@gmail.com', '$2y$10$BqWmcUmRFZ84C/WIohR.m.PKY1USEEAbyapb5iv1W34f5ic1a7aCG', '34nltO6bT7XF', 1, 'default.jpg', 2, '2022-06-21 13:35:52'),
(28, 'Faris Weldy', NULL, 'Laki-laki', '082281611754', 'weldyfaris@apps.ipb.ac.id', '$2y$10$U/weiheN0OtJyfcQdBKTGOVWV76GVmug9OCG5aCnTxxv.gIHUb6FK', 'pSaAbG4YnjJy', 1, 'default.jpg', 2, '2022-06-21 14:13:05'),
(29, 'Badi\'atul Masngudah', NULL, 'Perempuan', '081515340574', 'badiatulmasngudah.2021@student.uny.ac.id', '$2y$10$oE0qmz1Mo.I624deoycS5O7xLjrKgLE10XttPc1glLPBPwLcVP78G', 'mouAWgkylLsw', 1, 'default.jpg', 2, '2022-06-22 05:44:51'),
(30, 'Zoelyn W', NULL, 'Perempuan', '85298988789', 'zoelyn.115190091@stu.untar.ac.id', '$2y$10$GvOS1e4NK0d7IYB1xkMqKO2wJYRB4HoVz7Kpw554pmL5U96NS/Vs6', 'd9ygcMrqlCGn', 1, 'default.jpg', 2, '2022-06-22 02:47:40'),
(31, 'Daffa Bhagaskara Arghananta', NULL, 'Laki-laki', '089614168418', 'argha_nanta@rocketmail.com', '$2y$10$GBAL6t1Sg9AD627/Tdbi8eI7rvBuNQw9EZCDppqCV.Iw7UIYhBtBy', 'lQZmoUK3sIbq', 1, 'default.jpg', 2, '2022-06-22 02:52:17'),
(32, '50', NULL, 'Laki-laki', '081841421173', 'rrrrq@gmail.com', '$2y$10$js8LpFxV/BJFiHyBE2tcXeoEetvDvB/do2BdYUreiFN0EWscS8V2G', '1NyXAlk4og95', 0, 'default.jpg', 2, '2022-06-22 13:14:18'),
(33, 'Anastasya Tyas Widyasari', NULL, 'Perempuan', '081568379310', 'anastasyatyaswidyasari@gmail.com', '$2y$10$YP32v/iyeRHimEFSA2SMrOAc1xqOopqL/59w0mMcoGXMYyLFtEqdO', 'GaB3YOmkVtHh', 0, 'default.jpg', 2, '2022-06-22 13:36:43'),
(34, 'Lia Ujung Tri Utami', NULL, 'Perempuan', '085745982855', 'liaujungtr@gmail.com', '$2y$10$OpDWSF.wxsx/ZKhA6MukWeENTWfGekQYR6pZIgtOBo2kWtaYEVEcW', 'RO9zVj4J6HLx', 1, 'default.jpg', 2, '2022-06-22 07:41:45'),
(35, 'Lailatul Mahbubah', NULL, 'Perempuan', '082151872370', 'lailatulmahbubah7@gmail.com', '$2y$10$K.sERgx.CkjAv1pcauMiXOdSyJ3EuLNcnLylzD5ZFeyGLqCrK8kqy', 'n5rUojPW8HmO', 0, 'default.jpg', 2, '2022-06-22 20:41:05'),
(36, 'Nita Nur Azizah', NULL, 'Perempuan', '081224276074', 'niranurazizah2709@gmail.com', '$2y$10$SPRHQ0ndYhilLvopxMF1Zuk91wN0S/Fk6vtLMBu.yFb6qZCB8sq8y', 'ezyOHTorf5jn', 0, 'default.jpg', 2, '2022-06-22 22:56:14'),
(37, 'ZAHRA NAFIZHA AMANI', NULL, 'Perempuan', '082257272543', 'zahranafizhacans@gmail.com', '$2y$10$VB/P8uPNu6mmGBZ27DCAgePTcK9vd9nnVGcBR7xxDUJPnk.s0kl5q', 'KyvnetA5JBbo', 0, 'default.jpg', 2, '2022-06-23 05:01:23'),
(38, 'ZAHRA NAFIZHA AMANI', NULL, 'Perempuan', '6282257272543', 'ahzifanaswaa@gmail.com', '$2y$10$rLFXS.O82eApCpn7zkC6J.inDmjAp8hqEgF3sKtf6buAUXTOP/vha', 'fqGZPz1RYCLp', 1, 'default.jpg', 2, '2022-06-22 22:15:48'),
(39, 'Della Zaria', NULL, 'Perempuan', '083125367557', 'dellazariaa@gmail.com', '$2y$10$5o9yAyvzRcBfno1l.Gdiw.72Vw/io2cHajeIWOKhM7ur7xkl1Vr.e', '7iXHPKkDfrCO', 0, 'default.jpg', 2, '2022-06-23 11:05:39'),
(40, 'Januari Kartika Sari', NULL, 'Perempuan', '081367057041', 'januarisari@apps.ipb.ac.id', '$2y$10$IlcTl5awqStOpfsyLk/ss.heR5sJom4iC0BIWCs0iBjDkzGT9iViy', 'rbAI5hcjBMUT', 1, 'default.jpg', 2, '2022-06-23 08:55:21'),
(41, 'Khadijah Meutia Savanah', NULL, 'Perempuan', '081216427223', 'meutias10khadijah@apps.ipb.ac.id', '$2y$10$/CbujhPvgJuARdC3akRObeBYltGXIOl14JaWnsh3lI93MYWZzvpTa', 'TchqSusZUPfa', 1, 'default.jpg', 2, '2022-06-23 12:45:04'),
(42, 'Aulia Mila Husna', NULL, 'Perempuan', '081215243141', 'auliamila.2020@student.uny.ac.id', '$2y$10$VkTO2L6M1nUVcCdFLvhgtObE.yP1g2mKazyNvoMwsJqx3s8RFHe.G', 'dDhpvAWxjHM1', 1, 'default.jpg', 2, '2022-06-24 11:00:25'),
(43, 'Yunissa Anggraini', NULL, 'Perempuan', '082251804306', 'nissaraini30@gmail.com', '$2y$10$hU6PEkjDs/EvAIbinQ88lec28OXrTy512hLE43LxVJu91Ah2w7Ydm', 'KPiIjStkuET7', 0, 'default.jpg', 2, '2022-06-24 21:56:33'),
(44, 'William Ekachandra', NULL, 'Laki-laki', '089637979434', 'williamekachandra61@gmail.com', '$2y$10$qBe/9InbNhvrDPZ5ID2jIu8JyYVab/AAhc8q5Z6V3wY5Wc/CvFLbK', 'jtdhaLWSMsFJ', 1, 'default.jpg', 2, '2022-06-25 13:56:31'),
(45, 'Yuriko Azrina Ghassani', NULL, 'Perempuan', '087722592973', 'yurikoazrina10@gmail.com', '$2y$10$7uf/eD9qthXjbOA9YS.3KOwRmPGA85skaZQU4copx3nTCiioyrpye', '79yIP4FmzgAi', 1, 'default.jpg', 2, '2022-06-25 14:30:01'),
(46, 'Ni Komang Putri Wulandari', NULL, 'Perempuan', '0881037227777', 'wulandarip087@gmail.com', '$2y$10$E0g45jkMFQmPP54RBy6Y/Ohzbsqj9FTthXiC0SFwy/A8u1OY6JsOe', 'OEMCfzdAQrD7', 1, 'default.jpg', 2, '2022-06-26 03:35:22'),
(47, 'alya Nafisa Fauziyyah', NULL, 'Perempuan', '0881026684705', 'alyanafirmaaan@gmail.com', '$2y$10$cXmD3/6to14QTZeyBzSLG.JmQHQov4fNZ3f7htvHp8jkaY1s0K1Um', 'j5kDu6FXSfeW', 1, 'default.jpg', 2, '2022-06-26 04:53:39'),
(48, 'Annastasya Narpadayinta', NULL, 'Perempuan', '081318717888', 'annastaasya@gmail.com', '$2y$10$5AMXjIquII4ChRUfQhw.1u145P1yuZj5WJgl5aQt50K4Qfac1BEwi', 'aCAiBtm3EVhI', 1, 'default.jpg', 2, '2022-06-26 20:43:06'),
(49, 'Nur Maulida Khasanah', NULL, 'Perempuan', '081227622131', 'maulidakha12@gmail.com', '$2y$10$pcqk2zF3zuAgbhHmzUhuLuUtMA.1wtKQDrCLHwVUW2lDHRLJ/bWuO', 'sA2mTklXfEQa', 1, 'default.jpg', 2, '2022-06-28 11:04:37'),
(50, 'Christophorus Stanley Isbianto', NULL, 'Laki-laki', '087837404707', 'stanleyisbianto@gmail.com', '$2y$10$dDf1ErpCwj/RiNtF3Nq9h.kIGyDcfel59jJQ3F8HAsJL3U01pBXrC', 'zYgEN9uAl2e4', 1, 'default.jpg', 2, '2022-06-28 15:25:38'),
(51, 'Nazla Khoirunnisa', NULL, 'Perempuan', '085846546584', 'khoirunnisanazla@apps.ipb.ac.id', '$2y$10$.4ie52I7i4jC.cME/s4wXOPPaGMhbGJPKKhW9Cn5T3eFvJ4ViMtki', 'OFguw2TKQksc', 1, 'default.jpg', 2, '2022-06-28 15:03:42'),
(52, 'Zela Poiema Christy Mantohana Napitupulu', NULL, 'Perempuan', '085728918574', 'zelapoiemachristy@gmail.com', '$2y$10$D0qmnhXBCUhfkwI6kIteQuzWAavF8Kf9reaLeoEr7wOUCYLOS17Ge', 'wviGL9RDqdAH', 1, 'default.jpg', 2, '2022-06-29 09:23:06'),
(53, 'Dhea Salsa Anastasa', NULL, 'Perempuan', '085157715408', 'dheasalsa19@gmail.com', '$2y$10$heX9zpHbJpZNY1B8DrMdyuwKpQH.99tj0E3SxU.7HIbGagSCrpP8K', 'kza8LEegyVo9', 1, 'default.jpg', 2, '2022-06-29 12:38:29'),
(54, 'Zakiya Veronika', NULL, 'Perempuan', '087851006935', 'zakiyaveronika@gmail.com', '$2y$10$mijkg3xie9hyFRW36dtf2.IBDZmwJODDlSiSqBq3116svzHzMLt9i', 'Qb82uw4axKMP', 1, 'default.jpg', 2, '2022-06-30 08:28:24'),
(55, 'Arief Santoso', NULL, 'Laki-laki', '081572728870', 'arifsantoso1910@gmail.com', '$2y$10$WdYCqIadxYjBkiF5KpuubuRMqxaWq0BMmUhB1H7RgouL5//ecLPky', 'fgauoI6Cbk5h', 1, 'default.jpg', 2, '2022-06-29 16:38:29'),
(56, 'Rizqi Fauzi', NULL, 'Laki-laki', '082252277040', 'r1zq1.f4uz12@gmail.com', '$2y$10$Ssk/3BUZMgWivA08PFw2Ouo4jlQ6HBLlcCvakXdohWAg9r6.3JcZ.', 'D6CnL98w3PV2', 1, 'default.jpg', 2, '2022-06-29 17:31:46'),
(57, 'Zahra Oktavially', NULL, 'Perempuan', '085210489794', 'zahraoktvoktavially@apps.ipb.ac.id', '$2y$10$7yaxqpwo/Pnyt3ttlcSTUeeO4tUJb58qPAYjQbgyF4oJ5DrbOlekq', '9F8Orlxk6cTL', 0, 'default.jpg', 2, '2022-06-30 00:44:22'),
(58, 'Zahra Oktavially', NULL, 'Perempuan', '081514274450', 'zahraoktvly15@gmail.com', '$2y$10$uN2xGkiv0bjrUcBXx4lM6uOdIx1cG9Iz9NORhO9eHu0NnqduiLn0W', '91jIgrGnlBXw', 1, 'default.jpg', 2, '2022-06-29 17:51:48'),
(59, 'Sausan Ashma', NULL, 'Perempuan', '081931727964', 'sausanashma30@gmail.com', '$2y$10$IJBQnIu9ZAlEQAehNFK0vOgRfR8d2F8AXfg.c64t31mJGCglDVqlq', '8yBPf5ZgKC3R', 1, 'default.jpg', 2, '2022-06-29 20:45:49'),
(60, 'Nadya Nurfatimah', NULL, 'Perempuan', '081221272119', 'nadyanrff@gmail.com', '$2y$10$saAyuQx39nGt1iHNJ1JKTuk5ebNL2V7aDLs1q3JhOLwo0RZp7pz6y', 'VpiET4elKjBz', 1, 'default.jpg', 2, '2022-06-29 22:42:58'),
(61, 'Rina Wisudawati', NULL, 'Perempuan', '081233474368', 'rinaw7585@gmail.com', '$2y$10$s4ZMtqRvu7PqXak1.7LiQeAJr8ICMqxHXRP19W7D25WK024BPTefi', 'OtfgxSrdekYH', 1, 'default.jpg', 2, '2022-06-30 01:15:07'),
(62, 'Ni Made Mirah Pradnya Pramesti', NULL, 'Perempuan', '082147159570', 'mirah.pradnya@undiksha.ac.id', '$2y$10$TpsOA7ZQSaVfouhRVD/lYuiKc1VQETi2ZU/5ub5xnG6bPNH6KnjPG', 'TaX7NdhAFetq', 1, 'default.jpg', 2, '2022-06-30 01:29:32'),
(63, 'Indah Puspitaning Tyas Putri', NULL, 'Perempuan', '082137320568', 'indahita724@gmail.com', '$2y$10$qoaH54tn8eIm46NaIrkQjukzT2Cs.KpwPKe/yI37nX6OgY1yIuRX.', '2pP17kRx4gWz', 1, 'default.jpg', 2, '2022-06-30 01:57:45'),
(64, 'Novita Rajagukguk', NULL, 'Perempuan', '081260145797', 'novitagoek04@gmail.com', '$2y$10$nswU.cjEbY1SRoYJXFCvvO1GGZ62Gj8xK8FsBLx.pSuZ.hhQShx8G', 'iFNE38Kgx12J', 1, 'default.jpg', 2, '2022-06-30 03:30:34'),
(65, 'Muhamad Rafli', NULL, 'Laki-laki', '081281866248', 'mhmdpiwue@gmail.com', '$2y$10$G6i2j4Zha3P0BZa0yyigreOBo96Uc75GjJcs.Pmi5p2gr0f6VIzUG', '3WpJ9P5dQuXI', 1, 'default.jpg', 2, '2022-06-30 05:54:04'),
(66, 'Nuryasmin Mutiara Bintang', NULL, 'Perempuan', '087769342820', 'mutiarab711@gmail.com', '$2y$10$hZceP4W5DJnkSp2Ny0fuY.fU94kJeBlCxoRk7uMMBWQgslajTmdE6', 'lULObha6ImBN', 0, 'default.jpg', 2, '2022-06-30 14:27:36'),
(67, 'Sadam Husein Abdullah Elkatiri', NULL, 'Laki-laki', '081290176705', 'sadam.husen71@gmail.com', '$2y$10$UQ1UUR/LA8mEM2wDyBD/HOIg2ZXHfBlGr7T7/wHizyjWAWfQhBMNq', 'hR4IvAFqYbB9', 1, 'default.jpg', 2, '2022-06-30 09:46:51'),
(68, 'Fukita Ghaury Atiningsih', NULL, 'Perempuan', '089503383170', 'fukitaghauryas14@gmail.com', '$2y$10$1pOp5/qx7RW0viLBPJHP6Oabq4FUQypazYrQqLZXmT6/QuDVgSRq2', '8KZnyPU3gsIX', 1, 'default.jpg', 2, '2022-06-30 11:44:44'),
(69, 'Yulia Adinda', NULL, 'Perempuan', '081332121232', 'adindayulia2002@gmail.com', '$2y$10$z3AdS5UreAzdh9mPxBLO6euUmINdnfkgYhg4KmW1zFFLhKYMfWH2W', 'P35JSeblxTNs', 1, 'default.jpg', 2, '2022-06-30 11:42:45'),
(70, 'Muhammad Wijdanul Akmal', NULL, 'Laki-laki', '085645805902', 'jidan852@gmail.com', '$2y$10$DnCRnI1aRfrW0uoYdNTLce2D4E9ob3hH6NDzsifRPggRB.H20PnCe', 'NOvklKQsYFfz', 1, 'default.jpg', 2, '2022-06-30 12:32:36'),
(71, 'Febrian Prizmas Hemaputra', NULL, 'Laki-laki', '085770702206', 'febrianputra2207@gmail.com', '$2y$10$fqp324qMLesfcDaa2zDDy.2WDYIhayCzcoRWbqqzcHcO6QowqpsA6', 'QTDN9qS4Ipge', 1, 'default.jpg', 2, '2022-06-30 13:50:47'),
(72, 'Rizky Hidayat', NULL, 'Laki-laki', '0895602412656', 'rizky.2054201003@umko.ac.id', '$2y$10$h.RnXWgCXvFlFrSpq.ZgJeImfUyZYeVP9a7r/QQw5cxsBMH/nrO4W', 'DFWxAs8BZUz5', 1, 'default.jpg', 2, '2022-06-30 14:41:16'),
(73, 'Salwa Fadhilah Humairah', NULL, 'Perempuan', '081376092479', 'salwahumairah5@gmail.com', '$2y$10$M0ABFr05rf47VJ68NScJ0OqeBEpxEKTCAJ97XSgNqZXwZNrZqgJfS', 'YMNUmupJwvt2', 0, 'default.jpg', 2, '2022-06-30 23:25:09'),
(74, 'Aliya Nurhalisa', NULL, 'Perempuan', '083894209039', 'aliyanurhalisa123@gmail.com', '$2y$10$lVxu5y5NMlbW7zHw/7WPiOMoGB.tjPo4pwsrZQSZkJfH1XHa9dda.', 'JjzshINvqGYg', 1, 'default.jpg', 2, '2022-06-30 16:30:06'),
(75, 'Choridatul Fitria', NULL, 'Perempuan', '0881026570899', 'choridatulfitriaa@gmail.com', '$2y$10$c0PbI/ugRJRsdkjqKt9v7Omv6Rql1954xgI1F58BKIleSOCWJRev2', 'zclEmehpCiYr', 1, 'default.jpg', 2, '2022-06-30 17:22:42'),
(76, 'Siti Fatimatul Fitria', NULL, 'Perempuan', '081284945923', 'sitifatimatulf9@gmail.com', '$2y$10$O3n9ynrh4PrEYhw2g19KG.aVfarblYPs5OuUtsJNjFTlB6OzfHZVq', 'xeT8GPtHypcE', 1, 'default.jpg', 2, '2022-06-30 18:07:47'),
(77, 'Ira Syahriani', NULL, 'Perempuan', '085262731915', 'irasyahriani015@gmail.com', '$2y$10$tVvXdNfa.fG5ryd/Z.rmPuSOOz9oCFKHXsHM7ZPHAxYRi.rtXOQtm', 'nPid5vzR9CXB', 1, 'default.jpg', 2, '2022-07-06 03:54:06'),
(78, 'Sajidah Ma\'Rufah', NULL, 'Perempuan', '081235647438', 'sajidahmakrufah@gmail.com', '$2y$10$i.w1QqNTN7o8N5MfLFxOXOKGV..mmnPMc8.ddeToj7X5FSwz841Uy', 'onkE9u62s57X', 0, 'default.jpg', 2, '2022-07-01 05:27:32'),
(79, 'OKTAVIANO PRADITIYA PURWANTO', NULL, 'Laki-laki', '082338109739', 'viani6548@gmail.com', '$2y$10$JFiauQtc9bIsc3oj8C6QxOsnHZVxQ/9aFFk5HHsk7nGrKytgs/SIq', 'eq8xHpRXkZIG', 0, 'default.jpg', 2, '2022-07-01 10:55:28'),
(80, 'Siti Farika Nurul Awaliah', NULL, 'Perempuan', '085770498261', 'sitifarikanurul@gmail.com', '$2y$10$ep4zgSl08Cal8kQ1P5YYyOMgQSEOzmI5hQs.eFyo7/zxM2eub0Qwu', 'tSCgRv1s7rHb', 0, 'default.jpg', 2, '2022-07-01 10:57:41'),
(81, 'Zahira Nur Arifah', NULL, 'Perempuan', '0895414532352', 'kuliahnyazahira3@gmail.com', '$2y$10$NjBFyWhAUYZisXkF6Ct0xeY7B//9vFRylk.ZtZXDBYQ7OT7qgQ.Qa', 'XKJRlPjrELTN', 1, 'default.jpg', 2, '2022-07-01 06:14:02'),
(82, 'Nirma Maulita', NULL, 'Perempuan', '089613347600', 'nirmamaulita05@gmail.com', '$2y$10$EXkXisZkTBIJ2ebjZNGl5OYmGFJEzAkzg7iLg2QoPYvpCts0W49HO', 'UlZ3N7cXPbvg', 1, 'default.jpg', 2, '2022-07-01 06:38:17'),
(83, 'Neng Siti Nurma', NULL, 'Perempuan', '083813572196', 'nengsitinurma@gmail.com', '$2y$10$4ZkXUPR0XXq.hQLLjqqhBeh0y8A9mSqpzoA/2QjAHDLwYQWavyjtS', 'FRVwaBLYN8im', 1, 'default.jpg', 2, '2022-07-02 12:28:36'),
(84, 'Sylica Hersy Govenia', NULL, 'Perempuan', '087741247394', 'sylicahersy@gmail.com', '$2y$10$4ZpptnpVKqy8ih4KW18K0u9yEAikJppp/wADWYjs3ImEMHrs5B1QO', 'ZDfIew5gy4mr', 1, 'default.jpg', 2, '2022-07-01 22:27:12'),
(85, 'Shaffa Audya', NULL, 'Perempuan', '08982526944', 'shaffaaudy@gmail.com', '$2y$10$BlJpKxjb0zKKeDezHXwJeu4.rbx8wsvFaD7Xng/jod7yRaYCm2IWy', 'n76zWmVBjvof', 1, 'default.jpg', 2, '2022-07-01 15:56:34'),
(86, 'Hulwatur Ro\'yi', NULL, 'Perempuan', '081907077565', 'yikyik07112002@gmail.com', '$2y$10$k/ONDLcTF7/ZBevk/BL09eLuojlttYHZ9oQ1EggEDQvsJEMGHvlVe', 'V2veH3OKrxdb', 1, 'default.jpg', 2, '2022-07-01 18:32:51'),
(87, 'Muhamad Agung Rizki', NULL, 'Laki-laki', '085779754630', 'agungtehnik05@gmail.com', '$2y$10$mpSNuujM8ssU0bidnEZCGuTHEE8bgmOAln8K4V13cwL7O3.0tCkPi', 'nysqxNGLRlAB', 1, 'default.jpg', 2, '2022-07-01 19:39:09'),
(88, 'SUKMA AGUSTIN DYAN TIKA', NULL, 'Perempuan', '085746769176', 'sukma.tika60@gmail.com', '$2y$10$1I/LA8B60RKkLkimJjRUV.ZNsKxgngTrb6il26yBIHlNZ6ZIFHz7.', 'gZWitrxVhSdU', 1, 'default.jpg', 2, '2022-07-01 19:33:18'),
(89, 'Muhammad Hisyam Fadhil', NULL, 'Laki-laki', '085933841404', 'hisyam.fmuhammad@apps.ipb.ac.id', '$2y$10$LBJVl164eO0d1vE/9VPNruRGhWt7ODvby.ny8qLWCh9XpVw2mv1UO', 'ZDC7FYrBKAXm', 1, 'default.jpg', 2, '2022-07-01 23:07:14'),
(90, 'Keinanjung Ruswandi', NULL, 'Perempuan', '085654118944', 'keinanjungr@gmail.com', '$2y$10$SBrJPKkoM5bIOC3zfDZC5Okk/9I7jZ4roggJYRZGDawOW2Py9IoIq', 'DipFhsRWK2SE', 1, 'default.jpg', 2, '2022-07-02 08:50:44'),
(91, 'Salsabila Aminatun Muthmainnah', NULL, 'Perempuan', '08112648737', 'muthmainnah190702@gmail.com', '$2y$10$usBTkIyOmS2SbV7SZYRtM.SPjU.qEEsWJYYnJzBP/k6i2N7ub9/wC', '7LJWH1XDNZis', 1, 'default.jpg', 2, '2022-07-02 05:31:09'),
(92, 'Elsa Oktavianti', NULL, 'Perempuan', '0895397685097', 'elsaoktavianti1567@gmail.com', '$2y$10$r55tXjtsUu.e9sarYxaPDe7imKHy9tc9dliaOp9hj53I2Xu7VE/j6', 'RaG4u8My6AJw', 1, 'default.jpg', 2, '2022-07-02 10:45:40'),
(93, 'M. Rizal', NULL, 'Laki-laki', '089528999025', 'www.rzllmhmd@gmail.com', '$2y$10$VslrWDj0SjW.Xnt5nWseH.s2C3olzmSbLX7kkqbgbtpOHqx6pgrSq', 'xG2K1AesNWFh', 1, 'default.jpg', 2, '2022-07-02 11:21:52'),
(94, 'Muthia Rahmah', NULL, 'Perempuan', '085727649151', 'muthiarahmah02@gmail.com', '$2y$10$Ts92OOd5dAOc7xQWD7HFLOW.aoI9rN.QOkroZOumAsQ423vcVMSfW', 'xJWEh8AoB1q3', 1, 'default.jpg', 2, '2022-07-02 16:18:20'),
(95, 'Muthia Rahmah', NULL, 'Perempuan', '088233203705', 'muthiarahmah02@student.uns.ac.id', '$2y$10$8kA1p3W8.LD1TczW/hp3feobu9t9w6HFjS5pfdjJz9iApWT4A/wry', 'bi5JLahunoAp', 0, 'default.jpg', 2, '2022-07-02 23:15:40'),
(96, 'Ubeid Fandi Nasrulloh', NULL, 'Laki-laki', '085784301793', 'ubaidfandi12@gmail.com', '$2y$10$4BaHwOsVyw29pKWrnrOrRODRtLB4AODE9KadGXsf/bZytVSGlYYdm', 'KJCvOXzVEwUT', 1, 'default.jpg', 2, '2022-07-03 03:13:21'),
(97, 'Novemia Annisa Ramadhanti', NULL, 'Perempuan', '089504005216', 'novemiannisaramadhnt@gmail.com', '$2y$10$KXIc0Fg.G8nFDCgYn9IY9uUaCzRPsiL5Av4uyDGceVKmzD4wTS.xq', 'SQxqmkn1NsGK', 1, 'default.jpg', 2, '2022-07-03 05:52:21'),
(98, 'Rizky Ayuna Budiman', NULL, 'Laki-laki', '087729727309', 'rizkyayuna123@gmail.com', '$2y$10$K20mGxmwKHppIqcadf3RQ.vHAWmDJCsPzrVldFLD.g/p457VWHbqi', 'AN1b5ZDdmERv', 0, 'default.jpg', 2, '2022-07-03 16:49:17'),
(99, 'Nur Khafipah Astasyah', NULL, 'Laki-laki', '083119979021', 'nurkhafipah521@gmail.com', '$2y$10$5y3MkqI82d3CZTmwawJB..2344ujDtmA0QdLIQkBjRjz0E4eR4wvC', 'YVXZTolctM6b', 0, 'default.jpg', 2, '2022-07-03 20:18:10'),
(100, 'Husnul Fikri', NULL, 'Laki-laki', '085766512919', 'hsnulfikri@gmail.com', '$2y$10$ex4DNgMuOxKdfPSy/uvIBu7K5tMi77YD2zjAWmOa55uiI8zsQhr2u', 'f1rgcWZv9k4n', 1, 'default.jpg', 2, '2022-07-04 01:45:58'),
(101, 'Muh.Daffa Akbar Putra Palsan', NULL, 'Laki-laki', '085223268595', 'mhdaffapalsan@gmail.com', '$2y$10$SkGKVDqKXhe6K9Rm8xkQhupSwIkLnDyQspeKYlLpp05d117TIThDW', 'Yhc6gjGLKQ5Z', 1, 'default.jpg', 2, '2022-07-04 14:50:30'),
(102, 'A. Fauzan Sabir Siradj Munir A', NULL, 'Laki-laki', '082193179659', 'andifauzan156@gmail.com', '$2y$10$6ts2wfGaKI6yZ1KsbESqku.MFhaa7lbzdv9zyzsaZHM1f110re7ru', 'hvjqPwCIXmOE', 1, 'default.jpg', 2, '2022-07-04 15:32:37'),
(103, 'Rizky Fahrezi', NULL, 'Laki-laki', '089678330674', 'rizkyfahrezi301@gmail.com', '$2y$10$XcztNied98uR22EbH2Xlq.QmbzCwfqb/reJ6W84Sl.EMzblx3Ukou', 'PtA7eFX8Sa6c', 1, 'default.jpg', 2, '2022-07-05 01:49:20'),
(104, 'Kevin Viriya Halim', NULL, 'Laki-laki', '085100603128', 'kevin.v.halim@gmail.com', '$2y$10$t9Uk5blXVo/qx4nm7pYkueXu8h5n8X.k19YGwfID3j4Hl90jGDAW.', 'ExIsjpK7bfiV', 1, 'default.jpg', 2, '2022-07-05 03:14:16'),
(105, 'Ardea', NULL, 'Perempuan', '0895368424497', 'ardeasari5@gmail.com', '$2y$10$gZTSp4EG11TfNLWqGNjuLe7HR4gX17PYG21dLTdv0q8f5MswzZYwK', 'qfwx8kJYzBLG', 1, 'default.jpg', 2, '2022-07-05 06:58:33'),
(106, 'Wina Rahma Fitriana', NULL, 'Perempuan', '082137812386', 'wiinarhm19@gmail.com', '$2y$10$M2QTzsX97vWWnKVGPq9uqO7p.P2d9W39sGKD/x5AUaT9aIzaFdRgi', 'zfmiIyrKFUCb', 1, 'default.jpg', 2, '2022-07-13 09:32:23'),
(107, 'Fahmi Azi Sitorus', NULL, 'Laki-laki', '082315048643', 'fazisitorus@gmail.com', '$2y$10$PYRDlYAo7EmO5l1Wdd.xeOwyOym3T9/vBoUVkPiZGbR9oBKGQnYde', '7VLj4GHf9CoK', 1, 'default.jpg', 2, '2022-07-05 09:02:20'),
(108, 'Daksa Lintang Satyawadi', NULL, 'Laki-laki', '085691233889', 'daksalntng@gmail.com', '$2y$10$M8ID13aiybwMPuZmqYE6rehZCYptL7WUQHjaQjO767RgdoMIM72IO', 'kT94ZACozuNU', 1, 'default.jpg', 2, '2022-07-05 09:59:57'),
(109, 'Farah Sabara Putri Puspita', NULL, 'Perempuan', '085236355430', 'farahspp@gmail.com', '$2y$10$nushFTfPPhUxBLi5QvCuTOiMMRI90YcYXTT9OH61PEd1qKPM/VLWm', 'GhYzXUFEpueT', 1, 'default.jpg', 2, '2022-07-05 10:06:15'),
(110, 'Rizqi Budi Prastya', NULL, 'Laki-laki', '081327624430', 'rizqi.prastya@mhs.unsoed.ac.id', '$2y$10$MpFHjF/myP4y7fPweLZkKeIjp/Dvx2T45MUK4zqH6g44d3bhBDqLi', '8UlHFtGxPaQ6', 1, 'default.jpg', 2, '2022-07-05 10:17:37'),
(111, 'Ikko Cahya Awinata', NULL, 'Perempuan', '081233075270', 'ikko.cantik21@gmail.com', '$2y$10$AOce.Yj3FTm3dKVtD6BHneSvIV811i/46aUE0FxWTj5ZgYA.ZGYy2', 'osyRXMleuvC7', 1, 'default.jpg', 2, '2022-07-05 13:47:00'),
(112, 'ELIT', NULL, 'Laki-laki', '085750145154', 'elit10977@gmail.com', '$2y$10$wKKJG32fHuB4fdGOHw.7e.FXGkTRAkl2d2KUYtN5PJYvI.zizVIbG', 'c5ZpiACJbnvQ', 1, 'default.jpg', 2, '2022-07-05 15:25:57'),
(113, 'Ragil Saputra', NULL, 'Laki-laki', '085758103110', 'ragilsptr02200116@gmail.com', '$2y$10$YFWZdUvQwFc8dYVZQhxTm.qOMwACPlqxUH.Yx1Bu1j92js19OGpei', '49IwyxAtr1Sp', 1, 'default.jpg', 2, '2022-07-06 00:53:39'),
(114, 'RONAL PANJAYA SIMANGUNSONG', NULL, 'Laki-laki', '082273822902', 'ronalpanjaya@gmail.com', '$2y$10$UfuDZIQzi/GKeUNUN0mwjOScECm7cR8c0gABJ1RIxpf7PcZ7pmgUO', 'fTrGsd6CUhDM', 1, 'default.jpg', 2, '2022-07-06 04:02:56'),
(115, 'ALFINA NUR ROSIDAH', NULL, 'Perempuan', '087704780459', 'alfinarosidah28@gmail.com', '$2y$10$zopv7FaYxgplZQXNdCaJzuAGvlxpurwJlB0YxyBoa.HuwDzncD7.u', 'UZq2psoWLVhS', 1, 'default.jpg', 2, '2022-07-06 04:49:16'),
(116, 'Mufti Hakimudin', NULL, 'Laki-laki', '081511966441', 'muftihakim420@gmail.com', '$2y$10$j2BQScuazIWBqJhw3gFaxOeGYFO3MhA/tXIpcQvtOSUxLFXgnKRam', 'lsTViuMIbZF2', 1, 'default.jpg', 2, '2022-07-06 06:01:32'),
(117, 'Haidar Nabil', NULL, 'Laki-laki', '083173661865', 'khaidarnabil@gmail.com', '$2y$10$0VRyFyxB.VnIFS15FF2iRu4LpcRgtFjYwx0OMMIh9nqgtlKWGyETm', 'Tkg4M3DAsZX7', 1, 'default.jpg', 2, '2022-07-11 13:23:19'),
(118, 'Tesa Oktafira Dewanti', NULL, 'Perempuan', '083121131973', '091tesaoktafira@gmail.com', '$2y$10$v4rub.oOS.5.yHc/fGJojO06ufqrajDHpWwOvD3Xx/Kd6IwkkUvvG', 'JV62ruWawOLU', 1, 'default.jpg', 2, '2022-07-07 05:04:50'),
(119, 'Sophia Mia Dinata', NULL, 'Perempuan', '085741336547', 'sophiadinata27@gmail.com', '$2y$10$5OTYFO7cUfdFIPqiee/q1ez/kEEv9RsFVTnETmpvOXq2gOT1T8d/a', '9lTZXmvugODG', 1, 'default.jpg', 2, '2022-07-07 06:33:10'),
(120, 'Nabila Isna Febriyanti', NULL, 'Perempuan', '08154054082', 'isnanabila509@gmail.com', '$2y$10$8F19bd.egebJXIxXP7vPpu4lDP9ajINk72U5JuucstdtiIwYlPx4y', 'U1Y2BbAJ4lax', 1, 'default.jpg', 2, '2022-07-07 08:48:34'),
(121, 'Reza Erlangga', NULL, 'Laki-laki', '087811081963', 'rezaerlangga267@gmail.com', '$2y$10$.0O3wf52i.in9boX8o4JZOTD7O/Z7yxRFYeLEfR5pJ.Vm7baUVoWW', 'DCLopurfcjHB', 1, 'default.jpg', 2, '2022-07-07 09:22:20'),
(122, 'Adinda Daniswara', NULL, 'Perempuan', '085712122151', 'adindadaniswara.adr@gmail.com', '$2y$10$lIj73feAfgbUIn3hav3juexxcLgiTTD2gQKBUt.X92wumGolytyxW', 'AdzXK3g6ZaMR', 1, 'default.jpg', 2, '2022-07-07 14:47:15'),
(123, 'Sidiq Al Munawar', NULL, 'Laki-laki', '0895410693332', 'sidiqalmunawar09@gmail.com', '$2y$10$2S3w83qipwyZhjPzzhwzW.odenXQd3o7Qj0go3OeX7o8JwCxHgJCu', 'RlJwBKeVYok8', 1, 'default.jpg', 2, '2022-07-07 15:06:33'),
(124, 'Agung Sulistiyanto', NULL, 'Laki-laki', '082133424414', 'agungssulistiyanto@gmail.com', '$2y$10$8OL1noz84tu2IgRTA0u0S.QBMuDtaCtu6iZuI.AKzu8yXoaDtIKsG', '46RVvDKCgmse', 1, 'default.jpg', 2, '2022-07-07 16:52:24'),
(125, 'Bukhori', NULL, 'Laki-laki', '085758947506', 'bukhorialbar5@gmail.com', '$2y$10$5Ig3V1TwBSaHdMzKCAtXj.MEuaebXxhPulNgGBPFWLXcyG/NrNfL2', '6kBzEO4THUAS', 1, 'default.jpg', 2, '2022-07-08 00:07:22'),
(126, 'Nida Tria Purnama', NULL, 'Perempuan', '085156897533', 'nidatriap03@gmail.com', '$2y$10$w7utxf8ixFcEbcpPk4AvFOlmSSQhCOGU9qmvzWjT6Q4aAs14sZpQq', 'yl4TGRjx8hvZ', 1, 'default.jpg', 2, '2022-07-08 01:32:11'),
(127, 'Klarisa Dwita Putri', NULL, 'Perempuan', '082184998337', 'klarisadwitaputri@gmail.com', '$2y$10$M96NABb6b3pmKjN/LhpmoOSyRBQIBcMXCpzExZZ92BwcXVraDrspq', 'geWQ6diEVPLl', 1, 'default.jpg', 2, '2022-07-08 03:28:18'),
(128, 'Cacuk Cahyadi', NULL, 'Laki-laki', '082297527358', 'cacuk668@gmail.com', '$2y$10$8Qz1hIPiz./06IhabJQLyOxVDcMXt4vxKE60FffXNn5FJ0/rfgoDG', 'wZsKj4GPkNeF', 1, 'default.jpg', 2, '2022-07-08 07:46:21'),
(129, 'ikhsanudin', NULL, 'Laki-laki', '085161298123', 'ikhsanu818@gmail.com', '$2y$10$AbjMJloy4uGxI4oXm0Ql2uw4KwCkGE9FSUw904vDN1Z5B7oU.Jx06', 'McZfDFThgASt', 1, 'default.jpg', 2, '2022-07-08 14:10:34'),
(130, 'Arditia Cahyo Wibowo', NULL, 'Laki-laki', '087864571482', 'arditiawibowo123@gmail.com', '$2y$10$Zw1g/Rv7sx8IjUAYyk77H.xLOCq1TIUVTnad9423qpzSO5D6rvvYW', '5Q1h6RO2YXIf', 0, 'default.jpg', 2, '2022-07-08 21:48:54'),
(131, 'Arditia Cahyo Wibowo', NULL, 'Laki-laki', '085969048643', 'd200200204@student.ums.ac.id', '$2y$10$Sr8V57RrJMzwsvRwLH3kSOrXb37dWxZ6YQOaqnHgLNE93QEbFZg6.', 'l6IsbNU83jSY', 1, 'default.jpg', 2, '2022-07-08 14:53:24'),
(132, 'Sudinta', NULL, 'Laki-laki', '085788562295', 'dintaanggara17@gmail.com', '$2y$10$TrplvC7hDN5yh6qQQtIIle8k9fR9AvYluaddNlHGi4XTtox4RCjbm', '5jV9lTZ8WUgX', 1, 'default.jpg', 2, '2022-07-08 16:19:04'),
(133, 'Musyafak', NULL, 'Laki-laki', '088225436428', 'syafakahmad80@gmail.com', '$2y$10$zJrwgxzNAp//8O5TgxziO.5Pbg88aPF4hdAMKf8EPQSkQvEbiZATy', 'Wtv8njPzJ5XK', 1, 'default.jpg', 2, '2022-07-09 00:05:41'),
(134, 'Arya Maulana', NULL, 'Laki-laki', '08813637767', 'aryakk23@gmail.com', '$2y$10$1vE0Q/RWOaTsM8ecZMg0n.iNK/g1ZROizK70yJXHLYcEuDyyCldv2', 'ybBmUldO3zXF', 1, 'default.jpg', 2, '2022-07-09 01:45:47'),
(135, 'Juita sari Manalu', NULL, 'Perempuan', '082171299130', 'juitasarimanalu6@gmail.com', '$2y$10$7IyO1KUfqnA2rD4e0iC7h.6M82h1vDIB9plwqhhE7Y6r2rZ9y1Rzq', 'yud6cnsozkHg', 1, 'default.jpg', 2, '2022-07-09 04:11:47'),
(136, 'Heman Joel Marpaung', NULL, 'Laki-laki', '081380099364', 'jmheman8@gmail.com', '$2y$10$CCba63YSu9cKgHa3D04yFeklHI8fi7q8BOyzYQEdHNjcg/109fosW', '6FYH8XwtoBSd', 1, 'default.jpg', 2, '2022-07-09 09:32:08'),
(137, 'Rizki Rojabi', NULL, 'Laki-laki', '081398199066', 'rijki.albarokah@gmail.com', '$2y$10$LoE2cX/FIg/q6omOsMV8j.5QYy3lL5Mj1VHG8fns0m7.4T38LAylS', 'Ln6XZR9xDtsY', 1, 'default.jpg', 2, '2022-07-10 05:58:25'),
(138, 'Nadhirah Maryam Mufidah', NULL, 'Perempuan', '083120089328', 'nadhirahmufidah@gmail.com', '$2y$10$HL3SbDEa37HotGHXySXcLOR30lNVZVowi0wREQfGiLKjunHXMQMsu', 'CbOV1NTu84wJ', 1, 'default.jpg', 2, '2022-07-10 14:24:13'),
(139, 'Andry Prasetyo', NULL, 'Laki-laki', '081542950638', 'andryprasetyo3840@gmail.com', '$2y$10$S7V08FbeBo/qjDcjLLGnsOdc5ssaVVlnj9lV0QVuoKc6xH2G7f9zW', 'GYA4EOkZi1UM', 1, 'default.jpg', 2, '2022-07-10 14:50:56'),
(140, 'Andry Prasetyo', NULL, 'Laki-laki', '0895807745577', 'watiarum99@gmail.com', '$2y$10$rbY62adLaglGFiXuBXPI7urrhliAPTILb9GsG.ULku8uFI6NXj2Wq', 'DpqP5VzvZh7H', 1, 'default.jpg', 2, '2022-07-10 15:04:14'),
(141, 'BA\'DIATUL HUSNA', NULL, 'Perempuan', '085349796106', 'HUSNABADIATUL24@GMAIL.COM', '$2y$10$BxmZz/EbdMXthPht2gcSuer90CD8LgEZ8dLOtftyE5cFi3k6G23nS', 'mFugXEeUd36J', 1, 'default.jpg', 2, '2022-07-11 06:00:59'),
(142, 'Citra Ayu Hamida', NULL, 'Perempuan', '085785236641', 'hameedacitra@gmail.com', '$2y$10$GqsJqiLbdI2zHtAjuTRc9.ro1LIylSFY8cU1GXdZrEsQTNBk5Oawm', 'yzBMqTZFtrCW', 1, 'default.jpg', 2, '2022-07-11 07:28:27'),
(143, 'Muhammad Aulia', NULL, 'Laki-laki', '089514252471', 'auliamuhammad585@gmail.com', '$2y$10$e6TsYyVbzk1a7x9Q2jMPkuullSEjv9TxhDzXWgvLOnHpbhomwLW9O', 'RtZmydklhnrq', 1, 'default.jpg', 2, '2022-07-11 10:28:23'),
(144, 'muhamad danu rianto', NULL, 'Laki-laki', '089513431187', 'riantomuhamaddanu@gmail.com', '$2y$10$cpJgBVB4IAj9QLsYrsDQAu763Dot8B2ElAU8fmKQVX5JaJs1GrfUG', '3EefS2ABuoar', 1, 'default.jpg', 2, '2022-07-11 11:48:21'),
(145, 'Rany Nur Utami', NULL, 'Perempuan', '085742613798', 'ranynurutami25@gmail.com', '$2y$10$jNZZr8rRIdi4XNfXo4oyJui1BahgKDuMZDn2.qM6M.wOTM7OSq1ai', 'hI34wQJ5PqWL', 1, 'default.jpg', 2, '2022-07-11 12:12:26'),
(146, 'Ariek Dwi Anggoro', NULL, 'Laki-laki', '085853531513', 'ariekdwi316@gmail.com', '$2y$10$Yx7cMbJru2mvQYSYKbzKweYanDc4ixwSHfZHa/la3xO/VasAwDyTq', 'WBKH7wPz6TXF', 1, 'default.jpg', 2, '2022-07-11 13:44:45'),
(147, 'Beltsazar Amethyst Marviradi Prandaka', NULL, 'Laki-laki', '081294848323', 'amethystbeltsazar@gmail.com', '$2y$10$Co40rYcc9TsoU7wLKfhKvue0i3i6nTLRPSRc.y.sxcqvqSGpweRWa', 'WLRoAz4kSX5U', 1, 'default.jpg', 2, '2022-07-11 15:19:42'),
(148, 'alma salamah', NULL, 'Perempuan', '089639124606', 'salamahalma00@gmail.com', '$2y$10$WmaKT4Gx7p8GgOp9TDxwjOCR7DuM8QB8I9WoflsTTzqwNCGXnwmTe', 'BwIPqA4ktSrH', 1, 'default.jpg', 2, '2022-07-11 15:48:39'),
(149, 'MUHAMMAD HARDY DINATA', NULL, 'Laki-laki', '087796995871', 'mhardydinata@gmail.com', '$2y$10$vFdhvN1mfGJpiINK5D3yXONzWh/8hv.1VOz.cCtgX1qRAHjX4MTRW', 'q9GTyLrQWnV5', 1, 'default.jpg', 2, '2022-07-11 16:20:28'),
(150, 'M YUNUS', NULL, 'Laki-laki', '089649358995', 'soenoeym@gmail.com', '$2y$10$ravi5Oll552DFRHWef5pTek1ofZwEZlGSoIP5b6OhAKvJF9KiSiFG', 'YayJUsiRNGrB', 1, 'default.jpg', 2, '2022-07-11 18:13:21'),
(151, 'Suviana Feby Irnalia', NULL, 'Perempuan', '088286332695', 'suffianafebby@gmail.com', '$2y$10$Ct6p3WSEwC9o.bm1YSPWDeP6FD9ygYioKQpwIai3fMFZPsFsO7MlG', '3ikmAC98QsDl', 1, 'default.jpg', 2, '2022-07-12 02:27:38'),
(152, 'Karine Fathia Rahmah', NULL, 'Perempuan', '082362831698', 'karinefathia@apps.ipb.ac.id', '$2y$10$9MQnW9DxsMyfxkg25tZa7.Tx3AQgMt9vFDsMlfJ15wOtTc63WdDqq', 'EvgAZ8IT6aOs', 0, 'default.jpg', 2, '2022-07-12 10:28:24'),
(153, 'Fahmi Azrial', NULL, 'Laki-laki', '082292273996', 'fahmiazrial77@gmail.com', '$2y$10$5XFmLRbcyt1wNLLb2buCp.KDUlWu3A95IkgbIi8T.heZ0BIakSaZW', 'SrDW1n8VQzGo', 1, 'default.jpg', 2, '2022-07-12 03:43:21'),
(154, 'Sahrul Fajar Ardi', NULL, 'Laki-laki', '085600321891', 'sahrulfajara3@gmail.com', '$2y$10$5OdQFlXBsC/6.A.iaEWGwuA6CLFaOA4V4te1oMYlQxJu8//3su9dm', 'xUXlgoQn6j2B', 1, 'default.jpg', 2, '2022-07-12 06:44:47'),
(155, 'Nareswari Ayu Prabowo', NULL, 'Perempuan', '081388869584', 'nareswariayu06@gmail.com', '$2y$10$P.7ngYFx51Z66Wwl7ZPimecrHnjDiGFqfRiKdeBKV1ypkjBZKT/KO', '4xPZKkfO8Jv6', 1, 'default.jpg', 2, '2022-07-12 09:25:55'),
(156, 'Muhammad Fiqih', 'IPB University', 'Laki-laki', '085155443371', 'fiqihmaps16@gmail.com', '$2y$10$fIp8LnNe/fLBksg9K6lcneT.Sf/SnnSddAy1jkURuzu.wQKCdU8DO', '17XNRqxCtgBu', 0, 'default.jpg', 2, '2022-07-12 23:08:56'),
(157, 'TIA ZAHRONI', 'IPB', 'Perempuan', '082111255763', 'tiazahroni05@gmail.com', '$2y$10$zFEPe8gNuXnbLAyhhvHzUOIvxT876.Iyiw9zQB7AwRcAOl.7AZX.u', 'P9u8btK3eQTI', 1, 'default.jpg', 2, '2022-07-13 11:11:50'),
(158, 'Dini Yulis Nurhayati', 'Universitas Jember', 'Perempuan', '081289815090', 'diniyulisnurhayati@gmail.com', '$2y$10$IOXV5z9ArJqpB77M1Pe5auPd44cxgwO9Eg4dL7BNjCSfoZtqfaVfO', 'pe83DnyczvhH', 1, 'default.jpg', 2, '2022-07-13 15:25:21'),
(159, 'Bilal Kevin Ukraina', 'IPB University', 'Laki-laki', '081384469681', 'bilalkukraina@gmail.com', '$2y$10$esy1EiwPh2H9EYGyiAAzD.RYb0/lVAr2whRDA3cuVODa/.ENxf706', 'tVDL7yhRAfaC', 1, 'default.jpg', 2, '2022-07-14 02:58:20'),
(160, 'Didi Maulana', 'Universitas Sultan Ageng Tirtayasa', 'Laki-laki', '085778251548', 'didimaulana48@gmail.com', '$2y$10$6AdmqB.GMTEwfeTfxUw2gu2pMnVbOSoCVEEIDUyHVSQcsHjbDemma', 'LBOM5u16CdbD', 1, 'default.jpg', 2, '2022-07-14 09:25:45'),
(161, 'Dera Agustiana', 'DHMP 4.0', 'Laki-laki', '082112054942', 'dera@renewabledigitalmarket.com', '$2y$10$mza4kUAPkeqzCXQ67bO4Luc/onWvExW7XtwsHAdkR8FkUitVZbYo2', 'TUWERXVubwrk', 1, 'default.jpg', 2, '2022-07-14 15:51:12'),
(162, 'Silvia Nurohmah', 'Politeknik Negeri Subang', 'Perempuan', '081903911702', 'silvianurohmah27@gmail.com', '$2y$10$Ee4ycQ0s.v3WMYt08sg.veqPUbf3x4age9g3Eq7xOA62fjNPo8Yne', 'XEYwP4qHB9LQ', 1, 'default.jpg', 2, '2022-07-14 17:05:04'),
(163, 'Rahmat Sidiq Suryakusuma', 'Sv IPB', 'Laki-laki', '082110912809', 'dikisuryakusuma@apps.ipb.ac.id', '$2y$10$4nfNx6RnnuaVn0Hw5L6IhOot1uik.3xvkssCS5woz8UwpGXPLH0UW', 'naf9vUB43RZP', 1, 'default.jpg', 2, '2022-07-15 05:49:17'),
(164, 'Putri Purriama Sari', 'Institut Agama Islam Negeri Metro', 'Perempuan', '6287764519958', 'putripurriama111@gmail.com', '$2y$10$WhroMDN.EphhyivsfKLfAeFB/gJWU1khDD8zn7XLWrRHeCC4D7Pp.', 'K79HqnrlpURE', 1, 'default.jpg', 2, '2022-07-15 08:09:55'),
(165, 'Ayum Nindy Premadita', 'Semarang State Polytechnic', 'Perempuan', '085875125220', 'ayumndyp@gmail.com', '$2y$10$0Q/ZKleNti2AxvTuUvooauhEHqzKh0ixOH87VoGTTn6RH4mph1dry', 'UiIMpzVdhFmu', 1, 'default.jpg', 2, '2022-07-17 00:10:24'),
(166, 'Marcello Afrianzyah', 'Smpn 1 saradan', 'Laki-laki', '0881036852559', 'marcelloafrian@gmail.com', '$2y$10$2DK8Cao0mre6DX9obyyBsOXyCtev7xOp0cB1NKemfH/72WWKmUSx6', 'UyhsGuMCc5ja', 0, 'default.jpg', 2, '2022-07-17 18:34:23'),
(167, 'Lailatul Fitriah', 'Universitas Jember', 'Perempuan', '085330460755', 'lfitriah121@gmail.com', '$2y$10$B57dsgSR7JdioNkUbbfqU.xAUf5vphagbPUi/FrJl342TbZMHIuTG', 'BTCZ2gOHhYVS', 1, 'default.jpg', 2, '2022-07-17 14:29:42'),
(168, 'Andi Asmara Saputra', 'IAIN PALOPO', 'Laki-laki', '082259885845', 'andiasmarasaputra1420@gmail.com', '$2y$10$uX.HQE22PuSLQCjBNJOjfeAmtSB3s3qp2E0SHBnrhftoYm0NF4y7u', 'MNDGnUy5hBpj', 1, 'default.jpg', 2, '2022-07-17 16:09:55'),
(169, 'Nur Roufik', 'Universitas Internasional Semen Indonesia', 'Laki-laki', '088806002991', 'nurroufiq@gmail.com', '$2y$10$VpZYf3tv3I44M6am1kaeo.11NIqUuHskRySFomZKjBbSmb32iHkXa', '1DfsjuEo2rJ3', 1, 'default.jpg', 2, '2022-07-17 21:02:53'),
(170, 'Shafira Salma Azzahra', 'ITB', 'Perempuan', '081228710684', 'shafirasalma27@gmail.com', '$2y$10$Ue4UbQ5Oh46GygeXMaHmguf05ma6f5hOVwW/i6/yr6ITXka2dSSgO', 'ZDs3lVFBMrOc', 1, 'default.jpg', 2, '2022-07-18 11:12:38'),
(171, 'Leyna Sundusia', 'UPN Veteran Jawa timur', 'Perempuan', '085606035887', 'leyna1927@gmail.com', '$2y$10$zyPAYNGuIKExN0pbhWmiwOzoiHyXDFNPX1pY5VL2GalBih5UhIb.i', 'JIpotSca6gu7', 1, 'default.jpg', 2, '2022-07-18 22:48:17'),
(172, 'M. Ravi Al Qifary', 'Polbangtan Bogor', 'Laki-laki', '082182030657', 'ravialqifary2001@gmail.com', '$2y$10$ecGWAAbLQmQQezr7qEHEY.Jj7whTltTcwBA2FT93p7.FHayHpBY2q', 'D7lYtLEhiNMP', 1, 'default.jpg', 2, '2022-07-19 03:45:16'),
(173, 'Hunafa Imania Aditya', 'Politeknik Pembangunan Pertanian Bogor', 'Perempuan', '089675193382', 'hunafaimania@gmail.com', '$2y$10$D/luR7MBxl1srqoSWc.rzuuibU4Srsl5hklLsP3RaBOuqTRuw1dxy', '1KjqRfb5gLc2', 1, 'default.jpg', 2, '2022-07-19 04:16:46'),
(174, 'Githa Nadia Putri', 'Universitas Sriwijaya', 'Perempuan', '085769550740', 'githanadiaa@gmail.com', '$2y$10$6Mo0ktEFu1PiUh/uDMbq1.itbAfi4FFR3VhWHXSe0orU0xM.sjm/C', 'ufbCaz3hqY7c', 1, 'default.jpg', 2, '2022-07-19 09:54:21'),
(175, 'Silsilya Tazkia Amaradien', 'Brawijaya University', 'Perempuan', '082131335535', 'silyamaradien@gmail.com', '$2y$10$Y3TEtE7HViS6w7Nx8MYHGeYXlDDinA38k9XL2gn52Iuu9x3aQ.2gK', 'gWhJG4n6koUV', 1, 'default.jpg', 2, '2022-07-19 13:51:31'),
(176, 'Shintya Yuli Rahayu', 'Politeknik Digital Boash Indonesia', 'Perempuan', '085716557642', 'shintyayuli07@gmail.com', '$2y$10$ve2CKDKB0DmE.JZtnWYcMuPBW3mLfFmCOCtJkveAmrKaiR6mGfi/6', 'il2WkYJ5qPbg', 1, 'default.jpg', 2, '2022-07-20 03:03:32'),
(177, 'Agryani Petra Sitorus', 'IPB University', 'Perempuan', '082246864695', 'agrysitorus07@gmail.com', '$2y$10$AbV8.GCvDqz20as1nq/adevjAp2AqR8gRO9IaB2oi2wVPmJb.rALu', 'zlNyUtIQb3DV', 1, 'default.jpg', 2, '2022-07-20 05:59:19'),
(178, 'Angely Olivia Putri', 'Universitas Tarumanagara', 'Perempuan', '081281173517', 'angelyolivia26@gmail.com', '$2y$10$WWMI8CPc/SZhkglbGhBAWORAK6oghlwxJKrVz2oJUDs.Us7rDqrxS', 'xFsEuVjg5ipD', 1, 'default.jpg', 2, '2022-07-20 07:31:22'),
(179, 'Darmo Aji Maulana', 'Universitas Amikom Yogyakarta', 'Laki-laki', '088802633147', 'darmoajim@gmail.com', '$2y$10$Sh8r1/G7DU7mN3So/yLvDevLAKSTIOkbxUyfcIPxCOwZJWpPYZl56', 'b6cEaCVA7BXq', 1, 'default.jpg', 2, '2022-07-20 18:19:40'),
(180, 'Ilmaa Lindia', 'Universitas Negeri Malang', 'Perempuan', '082331285927', 'ilmaaiklima@gmail.com', '$2y$10$rWyXyKobj38.kW.dJmrH7epwiAK44yERRU88TnsH7272SA/Rtyu16', 'WLhpe85I63Gj', 1, 'default.jpg', 2, '2022-07-21 01:05:50'),
(181, 'Samuel Harapan Senangta Sebayang', 'Universitas Padjadjaran', 'Laki-laki', '082124649748', 'samuelsebayang152@gmail.com', '$2y$10$rSekRLWJPmjs7gt92Zw7wOD6v78maGqp7YfkEmb4cXplLDHcJHn/C', '5YGZBMjObsfx', 1, 'default.jpg', 2, '2022-07-21 07:25:57'),
(182, 'Eno Altriana', 'ITL Trisakti', 'Perempuan', '085159401899', 'altptr.e@gmail.com', '$2y$10$Rj7c9KTYavAgrlQBeEofDOKDmZ/8T4r290mIm5.X9Q7XPbtr4aVHC', '7hYyMb58VZTI', 1, 'default.jpg', 2, '2022-07-21 08:20:11'),
(183, 'Ardany Tri Subekhi', 'Institut Teknologi Sepuluh Nopember', 'Laki-laki', '085772487248', 'ardanysubekhi@gmail.com', '$2y$10$jWLbWj34VRwlq44wtIbaS..xuiSk530.BxRNe7FEUJFC7To0/Qxa.', 'WIRasVBi2lnt', 1, 'default.jpg', 2, '2022-07-21 13:32:50'),
(184, 'Humaira Az-Zahra', 'SMA Negeri 1 Lamongan', 'Perempuan', '085745822192', 'humairarara680@gmail.com', '$2y$10$Ytrek7IKGJFFQ2BUKbA3ou2ivSzj4LgmRJUTxMEb.gIJmisFF4ngq', '4z8WSfj7mIDQ', 1, 'default.jpg', 2, '2022-07-21 13:42:12'),
(185, 'Dede Marlina', 'IPB University', 'Perempuan', '089614309318', 'dedemarlina0511@gmail.com', '$2y$10$BqpowqahAPAd3e.ZFnr.Ze4NdBHbOpgioY6i/EA2h3uA0JVrp3dqW', 'mgRFMus97Qx3', 1, 'default.jpg', 2, '2022-07-21 13:47:40'),
(186, 'Sintia Maharani', 'IPB University', 'Perempuan', '089644322840', 'sintiamaharani2526@gmail.com', '$2y$10$.8z.3vQaN4pqMsTejZAtjublKg4VtrU/59JC08xr2L76S3hmYMw3G', 'iDUPt47a9vSw', 1, 'default.jpg', 2, '2022-07-23 04:18:25'),
(187, 'Salsabila Aulia Rahmadani', 'Universitas Gadjah Mada', 'Perempuan', '089601447487', 'salsabila.aulia@mail.ugm.ac.id', '$2y$10$C52qNrEO7bifm04Huwem8ORqOnFpKaSgtVpfu8gB2Nevv/.PXUQCq', '5ZRg8sNJhr3b', 1, 'default.jpg', 2, '2022-07-23 09:06:28'),
(188, 'AKBAR HARRIS PAMUNGKAS', 'IPB UNIVERSITY', 'Laki-laki', '0895322348793', 'akbarharrispamungkas@apps.ipb.ac.id', '$2y$10$aqxDhCiZjNcjH4ryhMtURO8/fK97FZgSVv4eDBWF8mhv7jF/2D5be', 'mBnUy9IE1D6e', 1, 'default.jpg', 2, '2022-07-23 14:18:51'),
(189, 'Nita Hermawati', 'Universitas Raharja', 'Perempuan', '0895395238482', 'niwamawati@gmail.com', '$2y$10$OL.y4yl5F8rW4uRYcUnO0urI80zRwwIPFkETf0vd8xjA2BuRT8vxK', '3dMUXILjy2JZ', 1, 'default.jpg', 2, '2022-07-23 16:00:24'),
(190, 'Muhammad Syafa\'atur Rahmandani', 'Universitas Jember', 'Laki-laki', '081358947524', 'syafaaturrahmandani@gmail.com', '$2y$10$pUjSFjUZEKAsbGXt7ZbZwupjTBybCRs/v22qGb3DYV.UNHzi/j.iS', '8h4Oe15RydmE', 1, 'default.jpg', 2, '2022-07-24 03:41:32'),
(191, 'Rizka Nur Istiqomah', 'Universitas Jember', 'Perempuan', '089524916035', 'rizkauwu7@gmail.com', '$2y$10$fPVybIxd8Tt7e.4zb5CjW.1kbBFOM2ljtvpFYbUjePU6ns4jEEr/m', 'A9M6jFIOGfys', 0, 'default.jpg', 2, '2022-07-24 22:16:35'),
(192, 'Ressy Shalika', 'Politeknik Digital Boash Indonesia', 'Perempuan', '081381837606', 'shalikaressy@gmail.com', '$2y$10$5gcInBE2QbiKTzl0PkhhG.K1miviXHPmVW1jU2y03XBywpTOSfbpW', 'mpHlNXW5kwLK', 0, 'default.jpg', 2, '2022-07-25 13:37:28'),
(193, 'Chindy Despriyanti', 'Politeknik Digital Boash Indonesia', 'Perempuan', '0895701138222', 'Chindydespriyanti@gmail.com', '$2y$10$OxrNLC83//xClAfhIURmJ.b0s6tSDvnXIkLK1kdiuu7Ug9faezN/K', 'sZhkzcB4CyOM', 1, 'default.jpg', 2, '2022-07-25 12:15:33'),
(194, 'Gelasa Leander', 'Politeknik Digital Boash Indonesia', 'Laki-laki', '081290208716', 'gelasalean@gmail.com', '$2y$10$ja61cScNbTWVvfJ5BWlbY.2AIIQBjjXA22O9Hj2D53fpkCgOEocXG', 'xtRXbM796Ywi', 1, 'default.jpg', 2, '2022-07-25 12:45:17'),
(195, 'Ressy Shalika', 'Politeknik Digital Boash Indonesia', 'Perempuan', '089665632766', 'ressyshalika30@gmail.com', '$2y$10$vDgeFzW/g6JgEJou3LV2SObJPbvIx/xbsnz4ZogdSfbmZaew7Mxn2', 'NpcmIA4SXGen', 1, 'default.jpg', 2, '2022-07-25 11:32:42'),
(196, 'Chindy Despriyanti', 'Politeknik Digital Boash Indonesia', 'Perempuan', '085881548151', 'chindydespriyanti27@gmail.com', '$2y$10$n1tjkz7rXYx5LnXKBygIK.EYaQ4hX4qmD.WmbbwT/rvQPfuyl4/Le', 'q8c5fh2mwSJt', 1, 'default.jpg', 2, '2022-07-25 12:12:34'),
(197, 'Jaya Duarsa Mintarajasa', 'Universitas Udayana', 'Laki-laki', '083115037750', 'jayadrsa@gmail.com', '$2y$10$8QHDkNajYHiblzEBDQJwH.FJea2FXigN00AEMyhkwbGkIY2Y999ia', 'uaIGi5XbkPh2', 1, 'default.jpg', 2, '2022-07-26 12:33:24'),
(198, 'Hermalia Juliati', 'Universitas Sriwijaya', 'Perempuan', '082350828365', 'hermaliajuliati@gmail.com', '$2y$10$0f0oiJ/yO88Ef3WSfJU.y.wBVZXJJ7kg1RQB4QqiWOZgEbJkRef4q', 'mjr1f4avVHAw', 1, 'default.jpg', 2, '2022-07-26 17:52:09'),
(199, 'Jivana Ibenia Syafira Yasmine', 'SV IPB University', 'Perempuan', '081385226711', 'ibeniajivana@gmail.com', '$2y$10$M3kS46mKCh1OoKwoWC1PcevQjczwbZwHFUfM5ZpmL0BlCUrHv0wSS', 'HSkr9w46vZOm', 0, 'default.jpg', 2, '2022-07-27 19:34:52'),
(200, 'Muhammad Naufal Rafi', 'IPB Universitu', 'Laki-laki', '085156582820', 'naufalrafi678@gmail.com', '$2y$10$JyEgeJ0TyEi7.A.LEfpjXePH.KcN9drJv6RwBeGaEW30EEivgTCk2', 'LxlmhSQJR3Y8', 1, 'default.jpg', 2, '2022-07-29 11:27:19'),
(201, 'Fiska Amelia', 'IPB University', 'Perempuan', '083873114040', 'fiskaamelia01@gmail.com', '$2y$10$8IbIM9L9CqTQbBP7MsziPe7GEjMGIc2Bo6L4fm5k983L1knLOixwO', 'M9G3u7yqev6d', 1, 'default.jpg', 2, '2022-07-29 13:51:55'),
(202, 'M. Egitia Zaini', 'IPB University', 'Laki-laki', '082287060549', 'egitzaini19zaini@apps.ipb.ac.id', '$2y$10$IcUVUOC803YWLPfCQD7speHr8Asvtx/4Fib5sAtKhYH6aQoTYF7MO', 'bznXIUt38qYk', 1, 'default.jpg', 2, '2022-07-29 14:45:07'),
(203, 'Arshya Nadine Muliya', 'IPB University', 'Perempuan', '081212031205', 'nadinemuliya@gmail.com', '$2y$10$MQ8yoBQRDTDcaFLRkWxcV.qks1lJqkAz7lfE.h2oXd8nX4H7RAg82', 'H8lnoEwBRMmS', 1, 'default.jpg', 2, '2022-07-29 15:24:02'),
(204, 'Ruli Ajeng Kartini', 'IPB University', 'Perempuan', '089678593056', 'ruliajeng24@gmail.com', '$2y$10$DIasZHO4keR4/9ilhujlCOnURADB4U369J1o673gK7gGOl6jQmnPW', 'pc1ytKjeI9gN', 1, 'default.jpg', 2, '2022-07-30 02:22:34'),
(205, 'wildona ratela', 'UNSRAT University', 'Perempuan', '0895390854477', 'wildonaratela@gmail.com', '$2y$10$/23cSIEUaBw/bMLdcso6auk2d22M0IsSgK43Zrm5ayJnifbhIRGaO', 'bIGn3jiod21W', 1, 'default.jpg', 2, '2022-07-30 05:12:34'),
(206, 'Dian Kurniati', 'SV IPB', 'Perempuan', '082142956048', 'diankrnt27@gmail.com', '$2y$10$n2z19K0QF8FY0FQ8fc6B9OjD0wTJmS4DmCtPZYyqaQr3VLgrgQlhu', 'wBDoPH32uEcf', 1, 'default.jpg', 2, '2022-07-30 04:25:35'),
(207, 'Wahono Putra Winulyo', 'Universitas Negeri Surabaya', 'Laki-laki', '085733647130', 'wputraw022@gmail.com', '$2y$10$KYKm87E2.PnAWuylL6eAI.egGiQGFeQK1OzdxhrtwsHMWW22rhlku', '6sCxuGIjYbke', 1, 'default.jpg', 2, '2022-07-30 04:47:12'),
(208, 'ALLIVIANITA NATASHA WAHYUDI', 'Universitas Negeri Yogyakarta', 'Perempuan', '085700663903', 'saburaiirwan@gmail.com', '$2y$10$g8GyEfEy1B/NH9yXcaE0Z.vRWMDxIuKJ//waOwh0zEgiQef/.xmyG', '3PqtQOKENm2w', 1, 'default.jpg', 2, '2022-07-30 05:04:28'),
(209, 'Ainy Latifah', 'IPB', 'Perempuan', '085872271601', 'ainylatifah2@gmail.com', '$2y$10$G/V5FrQwAqhTaE5fDQzNbu6JoDFvSpiHntIXHh53R5i86TTkkOSe2', 'zkOCiB4on6fS', 1, 'default.jpg', 2, '2022-07-30 07:24:47'),
(210, 'Sekar Respati Budiningrum', 'IPB University', 'Perempuan', '085771209235', 'sekaresbd@gmail.com', '$2y$10$u61dE8.Rs9B94Rw50PMJ4OKAwXUEuV6NyLJ./cSsay6q55fYse3pK', '6QYKldgO2ER4', 0, 'default.jpg', 2, '2022-07-30 17:01:29'),
(211, 'Oktif Rafiqka', 'IPB University', 'Perempuan', '088921321047', 'oktifrafiqka@apps.ipb.ac.id', '$2y$10$P1WxsOLJgJ9bZij4TzeANefAkh8c5w7Tnoe5s3sXABl3Q50UINBqu', 'TdK2j8wHNfPL', 1, 'default.jpg', 2, '2022-07-30 10:02:51'),
(212, 'Aisah Putri Indrahartati', 'SV IPB University', 'Perempuan', '082213117458', 'queenaca72@gmail.com', '$2y$10$AhCBdea6tVFHk9uCBGsaY.vQQiimSojWvg3ZpK34Y54BgD5QqbDni', 'YHyExnv35gaJ', 1, 'default.jpg', 2, '2022-07-30 10:27:52'),
(213, 'Farhah Nashrillah', 'Universitas Indonesia', 'Perempuan', '081382088741', 'farhahnash@gmail.com', '$2y$10$igXDu8uetehTuIYO2Vf0Zu4DJpW4lGiQhQ0JmuJoKPVaRKT2L0uPa', 'AL4IEFSQgax8', 1, 'default.jpg', 2, '2022-07-30 13:35:59'),
(214, 'Rido Berutu', 'Universitas Syiah Kuala', 'Laki-laki', '087713194979', 'ridhoberutu100420@gmail.com', '$2y$10$qGsCmrPSlZ/egrwNxsm1eulgF4FE97SxbS9/fDPzu3TYfYKL8iUDW', 'fraZsqj7RiOE', 1, 'default.jpg', 2, '2022-07-30 14:26:27'),
(215, 'Iman Syavian', 'IPB University', 'Laki-laki', '085263898593', 'imansyavian@apps.ipb.ac.id', '$2y$10$qUAC8ZkxWv001yLEUQbJx.PuR.D2bdBTTCSGij7JJ9BtCYaoLwezi', 'tfi4EFIjDW35', 1, 'default.jpg', 2, '2022-07-30 14:39:13'),
(216, 'Khansa Salma Akifah', 'UIN Syarif Hidayatullah Jakarta', 'Perempuan', '085718812958', 'Kanslmaa@gmail.com', '$2y$10$US0jCffy68tyqq95sC6gZ./nFnPLNDelC8rmcExZfBXPXr7zfhhgG', 'nAQ7ybpM5ZFL', 1, 'default.jpg', 2, '2022-07-30 17:59:48'),
(217, 'Widya Cantika Ulin Wibowo', 'Universitas Islam Negeri Sunan Kalijaga Yogyakarta', 'Perempuan', '083876873821', 'widyacantika2017@gmail.com', '$2y$10$Fm5xTaB5YHIMcgDDf0NkQefWqb9yFNrPM/voa2jKkcTYYHBZuUyUu', 'kXhUb7dCTjfQ', 1, 'default.jpg', 2, '2022-07-30 19:25:46'),
(218, 'Alya Hawaidha', 'IPB University', 'Perempuan', '082124983971', 'alyahawai1610@gmail.com', '$2y$10$X5gNcc5XwPXX1MvxiMRPrOQBNRwZHKsRNITCLFCnqhE8LXbAf32b.', 'ioZfzJkge2Wy', 1, 'default.jpg', 2, '2022-07-30 23:03:20'),
(219, 'Mohammad Bilal Romadhon', 'SMA Daruttaqwa Full Day School', 'Laki-laki', '089528340874', 'bilalromadhon15@gmail.com', '$2y$10$g2kLAPoTkg9Ydj8BMFKq0ebWHRtk.nwLLpg8HuEKwMoNZ0nuBef0m', 'FI7tAmwrJWEj', 1, 'default.jpg', 2, '2022-07-31 05:39:19'),
(220, 'Mutiara Dewi Kania', 'IPB University', 'Perempuan', '89510616672', 'mutiaradekaa@gmail.com', '$2y$10$m5GC7qqDJfTHTmCnbtlJDeNT9UN06JBguGi16QpyVihWfs4D/oMl2', 'WuIXto34kKad', 0, 'default.jpg', 2, '2022-07-31 13:22:01'),
(221, 'Fadil Ainuddin', 'Politeknik Negeri Lampung', 'Laki-laki', '0895616710043', 'ainuddinfadil@gmail.com', '$2y$10$lzTmSH0nuHiE8W3YNdJiCeDw7rkI1fj41QIIxYWDqVbUvwOEdISOS', 'PEDcxTvjBJQt', 1, 'default.jpg', 2, '2022-07-31 07:17:34'),
(222, 'Nawang Sekar Fadila', 'Universitas Negeri Jakarta', 'Perempuan', '81282679383', 'nawangsef@gmail.com', '$2y$10$deQDjLnc/XFhUsmxutSc0OTBA9XsjpvJSkYN01Al2mLEYhdwo3yeS', 'ej7OwkgAJudM', 1, 'default.jpg', 2, '2022-07-31 09:12:21'),
(223, 'Hilmy', 'Ipb', 'Laki-laki', '08119114272', 'mhazrla2642@gmail.com', '$2y$10$TUsb199a9Z./93q47P2nKerYfm.nNSpmC34eHM4VS8uu4tDHNoWPy', 'tT2gUDLCYoqe', 1, 'default.jpg', 2, '2022-07-31 10:43:54'),
(224, 'Melisa Irawan', 'SMAn 2', 'Perempuan', '085850080069', 'melisairawan00@gmail.com', '$2y$10$W8yy4k2LspGcBkQnkWJbEOXf0GOGeuC75a6EGwDDb4wZBnqncH.ae', 'NIEv3wSGojCY', 1, 'default.jpg', 2, '2022-07-31 11:18:27'),
(225, 'Muhammad Rizki', 'Universitas Terbuka', 'Laki-laki', '083154941126', 'rizpotret.id@gmail.com', '$2y$10$2KN7WYpmPH2AOnrnUxmzVehiYnayNBcZ42iekp2qML6iPmjG8JH3m', 'OipGU8lDNK5L', 1, 'default.jpg', 2, '2022-07-31 13:52:59'),
(226, 'Perinna Adila Putri Sirait', 'Universitas Sumatera Utara', 'Laki-laki', '082392101884', 'perinnaaps@gmail.com', '$2y$10$OBNS8k2b5GyUohEmJH/bo.U1stetHwJfGHfIzUqzxYy2BAC4JBHze', 'bFjemVT3ODc1', 1, 'default.jpg', 2, '2022-07-31 14:14:01'),
(227, 'ARIF PAWOKO', 'Institut Teknologi Sepuluh Nopember', 'Laki-laki', '085856056233', 'arifpawoko953@gmail.com', '$2y$10$UDJF7.7YCximScKbz275QexKU1/8eslHw/V9mNVvj/brYcPc8OQei', 'TA8SjG13eaQu', 1, 'default.jpg', 2, '2022-07-31 15:03:05'),
(228, 'Qonita Qorrie Aini Qowlits Tsabita', 'UIN Malang', 'Perempuan', '085335275463', 'qonita.qorrie@gmail.com', '$2y$10$3LWP0UDYLTZIgz4Yn8fI9.oZP3vmbhCeAvA7w6Sii4lI3DGF0mKTC', 'qt2ohKg6RblB', 1, 'default.jpg', 2, '2022-07-31 23:02:23'),
(229, 'DIKA AGUSTIAN AKBAR', 'Politeknik Siber dan Sandi Negara', 'Laki-laki', '089526919588', 'dkgusti4k@gmail.com', '$2y$10$ob1d.nLb4SMCCdHJP/dCAuvDxvKF8Mm3UBtK5CGaDCt8wVqMF5jV.', 'xfZQyGYqVJol', 1, 'default.jpg', 2, '2022-08-01 03:05:04'),
(230, 'Hellen Mutoharoh', 'Universitas Gunadarma', 'Laki-laki', '085172131055', 'hellen.muthaa@gmail.com', '$2y$10$xOawTxj1Wn.tMXK80Dtiv.MSj8GGg6A1ntdDrhnPZa0GVBROeOCdy', 'nIMv53XzplqV', 1, 'default.jpg', 2, '2022-08-01 03:29:00'),
(231, 'Chyntia Dewi Agustin', 'Universitas Padjadjaran', 'Laki-laki', '085886434046', 'cdewiagustin@gmail.com', '$2y$10$5j/.060cgDZfOURVOdHDo.ajzOQZvSMiyjhPvtqyCPhYi2yioDUfa', 'nbzLDq43CR9x', 1, 'default.jpg', 2, '2022-08-01 09:49:48'),
(232, 'Muhammad Kensya Kussyahputra Hidayatullah', 'SMA Negeri 8 Malang', 'Perempuan', '081334282022', 'ikekusdyah@gmail.com', '$2y$10$HjmEuWfG7/0jj8taKajl0ud7lhVO4yIIrttlVrNLtnwMBWsZV1VOK', 'BZfVnQEzcdpo', 1, 'default.jpg', 2, '2022-08-01 05:47:03');
INSERT INTO `user` (`id_user`, `name`, `asal_instansi`, `gender`, `phone`, `email`, `password`, `code`, `verified`, `profile`, `id_role`, `date_created`) VALUES
(233, 'Alliecccia Tessalonika Wijaya', 'SV IPB UNIVERSITY', 'Perempuan', '081215525570', 'alliecciawijayaallieccia@apps.ipb.ac.id', '$2y$10$TwCZd8aAeh.hHx.jrEa56.48J8wFmJrmbc4u1cXDsYaoF9CcZv5P.', 'WfvPlTYSGjbI', 1, 'default.jpg', 2, '2022-08-01 12:08:45'),
(234, 'Muhammad Isykar Siregar', 'Universitas Brawijaya', 'Laki-laki', '082370853922', 'muhammadisykar1@gmail.com', '$2y$10$CmRJtcvQI.YLjnaUDpPHp.Jgr8fMepLBZvSkO7QqH4u9x6LJkGXY2', 'ic6k9g2YATfR', 1, 'default.jpg', 2, '2022-08-01 13:28:34'),
(235, 'mivtaarjunilia', 'IPB University', 'Laki-laki', '085172052565', 'mivtaarjunilia14@gmail.com', '$2y$10$FU6gCZzdxQ.r0zVU4Q36yOaJRCQ5uxkbVbSSWI2DrpFFgMzgcATJm', '5A8zYfUkeRDr', 1, 'default.jpg', 2, '2022-08-01 13:48:31'),
(236, 'Ramdan', 'SV IPB', 'Laki-laki', '0085861084338', 'onlyramdan3@gmail.com', '$2y$10$3VNtqO5hzeAY49xPtuEA7.gTxKURV1c15epIR13MdW78Y5RidbHwC', '5dvcMGfoFIJb', 1, 'default.jpg', 2, '2022-08-03 02:55:35'),
(237, 'Ramdan', 'SV IPB', 'Laki-laki', '085861084338', 'onlyramdanbelajar@gmail.com', '$2y$10$/JkH7pWPlHxpIVlBWaxl4u/UKVPQtipTyczNNDO7apmCp5ZvhS.fq', 'NkPhX9WuLAgw', 0, 'default.jpg', 2, '2022-08-02 08:25:32'),
(238, 'Edwin Budiarso', 'Muslimobsession.com', 'Laki-laki', '81380666882', 'edwinbudiarso@gmail.com', '$2y$10$VPhyL5x4q1LsiENWV0bdmOLd2zqTxI5ymOQCAXXJOhE9taSn2SS4K', 'sd1ef6iR72LD', 1, 'default.jpg', 2, '2022-08-02 06:55:30'),
(239, 'Pramudya Nur Prakhasa', 'Muhammadiyah Yogyakarta University', 'Laki-laki', '085641144160', 'pramudyaprakhasa46@gmail.com', '$2y$10$p0SD3wlOt3oc.KEFGlGEDe1QTgnUy054dINX8gL47xzMOWGx3Uazy', 'tahKluxMeqBi', 1, 'default.jpg', 2, '2022-08-02 14:11:35'),
(240, 'Indah Nurlaili Rahmawati', 'Universitas Ahmad Dahlan Yogyakarta', 'Perempuan', '082112703898', 'rahmawatindah1718@gmail.com', '$2y$10$yrjwwCUd345t8U2jb3bPJe/I.F1id44Sw2TeK8hwp98WVtTmlGyPa', 'JDQEakPfbiXA', 1, 'default.jpg', 2, '2022-08-03 02:47:58'),
(241, 'Censa Amelia Febriyanti', 'IPB University', 'Perempuan', '08970004362', 'censaamelia38@gmail.com', '$2y$10$cEmdWfOwSUfxtRb822Cr7.OUEemu8qoW0CVkuJsK9E501spPb8VQW', 'xmBY7yosIUF3', 1, 'default.jpg', 2, '2022-08-03 22:30:06'),
(242, 'Feni Amyar Aningtiyas', 'IPB University', 'Perempuan', '085640843280', 'feniamyar@gmail.com', '$2y$10$fB5S.jGXlGx73gjmxTMhVePW9i9jBs9mXWEE0tflAZzxxW5AH1rau', 'wxYF1lJCemc9', 1, 'default.jpg', 2, '2022-08-04 05:45:59'),
(243, 'Jihan Khairunnisa', 'IPB University', 'Perempuan', '082114687453', 'hanjihanjihan@apps.ipb.ac.id', '$2y$10$uhljtrWcVy1UoKBNzx1mN.49zWNTvkhu6nsZKlNuzEoWWSP9fUN0e', 'xZRYQ67fMJBp', 1, 'default.jpg', 2, '2022-08-04 06:46:30'),
(244, 'Amanda Atika Zahra', 'Sekolah Vokasi IPB University', 'Perempuan', '081213359357', 'amandazahraa413@gmail.com', '$2y$10$giqtVRbj37./c8QIm4OP7udmfeT97vufqxUR8zrJ.LR83NIYQDl02', 'WV1Tq9HDuwY7', 0, 'default.jpg', 2, '2022-08-04 18:47:31'),
(245, 'Wafa Maiyatillah', 'Sekolah Vokasi IPB University', 'Perempuan', '0895631920942', 'wafamaiya2121@gmail.com', '$2y$10$c7VuYVILBbyBMmsuwx1Q4OjIg2zSig4k0N9t8.pldHZNOIoNvOjuu', 'OfTpZanbKXF4', 1, 'default.jpg', 2, '2022-08-04 11:55:02'),
(246, 'Salonika Manalu', 'USU', 'Perempuan', '085260417546', 'manalusalonika123@gmail.com', '$2y$10$aF5QAw/LwYZrGOd5PwpkDO6mopoDFtiB3idHLbXe.TfbnCpAcIhYa', '8GIiDYJCVK5E', 1, 'default.jpg', 2, '2022-08-04 13:40:20'),
(247, 'DIAH AYU LESTARI', 'SMA N 1 TEGAL', 'Perempuan', '085878678733', 'diahayulestari2019@gmail.com', '$2y$10$yukUo9DUw0ykKbxw8KSbs.8zW.FRmy/PCJHvUApUF4MhY0idP2.1i', '5MtE8hUq36vy', 1, 'default.jpg', 2, '2022-08-04 15:20:20'),
(248, 'Muhamad Mansur', 'Unsri', 'Laki-laki', '082260914536', 'muhamadmansur744@gmail.com', '$2y$10$slpfPA8gn7dJdc7tDvDBj.EeQjcIJ7x61aic2zNH6mA4UHRDu.m7a', 'Hc9NuQornGw4', 1, 'default.jpg', 2, '2022-08-05 08:32:55'),
(249, 'Iwang Benaya', 'IPB University', 'Laki-laki', '08114411187', 'benaya1189@gmail.com', '$2y$10$/OoKn3a83JZbSI/SM73WIuByiejf5q1qJ05L8HfKhnoPWLjoreS4C', 'I3iExpG7YR89', 1, 'default.jpg', 2, '2022-08-05 13:53:16'),
(250, 'Ilhan Muhti Eka Saputra', 'IPB University', 'Laki-laki', '081317054526', 'saputrailhan@apps.ipb.ac.id', '$2y$10$pi.KNi6Ehz3qmf4U71PHbu/HVqGyxXK5z2vh5iST/xpVg3BQHuAHu', 'xaC2shdiNvrW', 1, 'default.jpg', 2, '2022-08-05 23:46:40'),
(251, 'Naafi nuur setiawan', 'Smk n 1 saptosari', 'Laki-laki', '087742950162', 'naafinuursetiawan@gmail.com', '$2y$10$42/Ozko65c0/Nlwu9fujReqU.fQK.5a7kk82urvchpcul7nui/MUi', 'itWIGj5gKekv', 1, 'default.jpg', 2, '2022-08-05 23:55:55'),
(252, 'Tabah Nugroho', 'Universitas Muhammadiyah Yogyakarta', 'Laki-laki', '083145277877', 'tbhnugrohoo@gmail.com', '$2y$10$169KwD5tuUsL7o.22N39o.bm41ub8GEl48gzgCKALr.HgQVEK1ND6', 'kYHKE3cRZNm6', 1, 'default.jpg', 2, '2022-08-06 04:33:38'),
(253, 'Maharani Nurul Arifah', 'UPN Veteran Yogyakarta', 'Perempuan', '085591228797', 'mhrnnurul@gmail.com', '$2y$10$izRQDp0idIoWID9GoVe7c.SDyPTCTm8GHIMQWz6Zc.hm8W1BXVX36', 'A8mQLNhda4Ob', 1, 'default.jpg', 2, '2022-08-08 13:06:03'),
(254, 'AURELLIA LIVIA', 'Universitas Tanjungpura', 'Perempuan', '082153192735', 'aurellialivia3@gmail.com', '$2y$10$KSjPIg5lawldgtCr4BOstuRLxHZ7R2LU2Bw.VhPCTs0Y.86YcKXt6', 'aF4BPoRXuide', 1, 'default.jpg', 2, '2022-08-08 15:11:17'),
(255, 'Jasmine Aisya Putri', 'IPB University', 'Perempuan', '087741304541', 'j.aisyaputri@gmail.com', '$2y$10$9/rHZcWOKsi7qZmFu0DW1umTyAOYmf2BsVYkTEq3cLwpwzYz6XQMa', 'RveU9in4aZrS', 0, 'default.jpg', 2, '2022-08-09 07:59:28'),
(256, 'Dimas Alifi Nugroho', 'SMAN 113 JAKARTA TIMUR', 'Laki-laki', '085940364612', 'dimasalifi2020@gmail.com', '$2y$10$R9JtRP0tH7S10lmp28IymuiWFx1Hso83.jiuP7Ai.2ZMCtXdw0sae', 'sItoG2U7aS14', 0, 'default.jpg', 2, '2022-08-10 18:04:06'),
(257, 'Fahri Irwan', 'Universitas Pattimura', 'Laki-laki', '082239713987', 'fahryirwan.b@gmail.com', '$2y$10$x9sZ9WPAZuFaSM.0Wv6dBupzID65c88b1AFrN.4CvoSCFnC3tJIUS', 'ENbOuWLBeSHa', 0, 'default.jpg', 2, '2022-08-10 18:12:00'),
(258, 'nelmaeza denai', 'ipb university', 'Perempuan', '082120007739', 'ezadenai03@gmail.com', '$2y$10$wPA3rlyFw9MmQ.sjamJVwOEFQv2jrho1acIf2MWwexVHmLy09ZTgG', 'swUnCp9WEIb7', 1, 'default.jpg', 2, '2022-08-10 13:31:09'),
(259, 'syafitrie pangestuti', 'SV IPB', 'Laki-laki', '081297037825', 'syafitrie.pangestuti@gmail.com', '$2y$10$SSSKzFqOrc0f9quJU3BiUuuSGhfsFf0McgXXlaqpKtczirjjIrwHq', 'cpt3A5jHuv6r', 1, 'default.jpg', 2, '2022-08-11 09:59:58'),
(260, 'jae', 'IPB UNIVERSITY', 'Perempuan', '08151683896', 'zakkiratalita@gmail.com', '$2y$10$0eC.NScH7VopS2cE7MuSnOcHmA/uGOIDwgCWr6Txgck.SxqwhdNiq', 'LHqvsRliWa8O', 1, 'default.jpg', 2, '2022-08-11 10:20:44'),
(261, 'Sephia Anggira Putri', 'IPB University', 'Perempuan', '085764816162', 'sephiaanggira@ipb.ac.id', '$2y$10$RwDwng.l3K0JyB2NNojcFuq.UHhdsntMBV6m/XfSjEAPj.mWMUc9q', 'B5kVKI4dZlb2', 0, 'default.jpg', 2, '2022-08-11 18:37:42'),
(262, 'Sephia Angggira Putri', 'IPB University', 'Perempuan', '085764816163', 'sephiaanggiraputri@ipb.ac.id', '$2y$10$snuTQtgvTv84Hn7Gdai1ruLZUdE7uCYv8/YNAcksrm.r6UJP9UKUC', 'jetMhCi9AE7g', 0, 'default.jpg', 2, '2022-08-11 18:40:19'),
(263, 'Wisesa Dwi Wijaya', 'Dinas Pertanian, Ketahanan Pangan dan Perikanan Kabupaten Ponorogo', 'Perempuan', '081232093809', 'wisesad.wijaya@gmail.com', '$2y$10$P/UvQOwbDuFPK/.z9QvD4OmczemZhYc36cDc41s/1PE6LgaS/XFAK', '9RcH8Mswt2Ki', 1, 'default.jpg', 2, '2022-08-11 11:40:59'),
(264, 'Daru Kartiko Aji', 'IPB University', 'Laki-laki', '085651000948', 'darukartikoaji@apps.ipb.ac.id', '$2y$10$0clHHwpTOYIMuRWPFMOwluYxVxpTifIsuS1yhiObUl0cZ705IcV5u', 'cOhXvqaQmVCL', 1, 'default.jpg', 2, '2022-08-11 15:07:48'),
(265, 'Fatiha Arsyi', 'Universitas Jenderal Soedirman', 'Perempuan', '083863941839', 'fatihaarsyi1002@gmail.com', '$2y$10$3pEjobFTYybi8hdqodxD4.KH4DfqCvNFkgRZ0gQvVxUEwV2kKj4la', 'Ppx6fBten8mg', 1, 'default.jpg', 2, '2022-08-12 04:07:09'),
(266, 'Dewi Miftahul Jannah', 'IPB University', 'Perempuan', '085282427025', 'Dewimiftahuljannah4@gmail.com', '$2y$10$Ie0hjIaVGdmNrA24CooWDeV6TwuYTnFxHPnQAcOyZHbTf7dfemJTy', 'idEPVbWUm7HJ', 1, 'default.jpg', 2, '2022-08-12 07:29:27');

--
-- Indexes for dumped tables
--

--
-- Indexes for table `artikel`
--
ALTER TABLE `artikel`
  ADD PRIMARY KEY (`id_artikel`);

--
-- Indexes for table `dlomba`
--
ALTER TABLE `dlomba`
  ADD PRIMARY KEY (`id_dlomba`),
  ADD KEY `id_lomba` (`id_lomba`);

--
-- Indexes for table `glomba`
--
ALTER TABLE `glomba`
  ADD PRIMARY KEY (`id_glomba`),
  ADD KEY `id_mlomba` (`id_lomba`),
  ADD KEY `id_user` (`id_user`);

--
-- Indexes for table `gminie`
--
ALTER TABLE `gminie`
  ADD PRIMARY KEY (`id_gminie`),
  ADD KEY `id_user` (`id_user`);

--
-- Indexes for table `gwebinar`
--
ALTER TABLE `gwebinar`
  ADD PRIMARY KEY (`id_gwebinar`),
  ADD KEY `id_user` (`id_user`);

--
-- Indexes for table `mlomba`
--
ALTER TABLE `mlomba`
  ADD PRIMARY KEY (`id_lomba`);

--
-- Indexes for table `role_user`
--
ALTER TABLE `role_user`
  ADD PRIMARY KEY (`id_role`);

--
-- Indexes for table `user`
--
ALTER TABLE `user`
  ADD PRIMARY KEY (`id_user`),
  ADD UNIQUE KEY `email` (`email`),
  ADD KEY `id_role` (`id_role`);

--
-- AUTO_INCREMENT for dumped tables
--

--
-- AUTO_INCREMENT for table `artikel`
--
ALTER TABLE `artikel`
  MODIFY `id_artikel` int(11) NOT NULL AUTO_INCREMENT, AUTO_INCREMENT=3;

--
-- AUTO_INCREMENT for table `dlomba`
--
ALTER TABLE `dlomba`
  MODIFY `id_dlomba` int(11) NOT NULL AUTO_INCREMENT, AUTO_INCREMENT=7;

--
-- AUTO_INCREMENT for table `glomba`
--
ALTER TABLE `glomba`
  MODIFY `id_glomba` int(11) NOT NULL AUTO_INCREMENT, AUTO_INCREMENT=115;

--
-- AUTO_INCREMENT for table `gminie`
--
ALTER TABLE `gminie`
  MODIFY `id_gminie` int(11) NOT NULL AUTO_INCREMENT, AUTO_INCREMENT=4;

--
-- AUTO_INCREMENT for table `gwebinar`
--
ALTER TABLE `gwebinar`
  MODIFY `id_gwebinar` int(11) NOT NULL AUTO_INCREMENT, AUTO_INCREMENT=6;

--
-- AUTO_INCREMENT for table `mlomba`
--
ALTER TABLE `mlomba`
  MODIFY `id_lomba` int(11) NOT NULL AUTO_INCREMENT, AUTO_INCREMENT=7;

--
-- AUTO_INCREMENT for table `role_user`
--
ALTER TABLE `role_user`
  MODIFY `id_role` int(11) NOT NULL AUTO_INCREMENT, AUTO_INCREMENT=9;

--
-- AUTO_INCREMENT for table `user`
--
ALTER TABLE `user`
  MODIFY `id_user` int(11) NOT NULL AUTO_INCREMENT, AUTO_INCREMENT=267;

--
-- Constraints for dumped tables
--

--
-- Constraints for table `glomba`
--
ALTER TABLE `glomba`
  ADD CONSTRAINT `glomba_ibfk_1` FOREIGN KEY (`id_user`) REFERENCES `user` (`id_user`),
  ADD CONSTRAINT `glomba_ibfk_2` FOREIGN KEY (`id_lomba`) REFERENCES `mlomba` (`id_lomba`);

--
-- Constraints for table `gwebinar`
--
ALTER TABLE `gwebinar`
  ADD CONSTRAINT `gwebinar_ibfk_1` FOREIGN KEY (`id_user`) REFERENCES `user` (`id_user`);

--
-- Constraints for table `user`
--
ALTER TABLE `user`
  ADD CONSTRAINT `user_ibfk_1` FOREIGN KEY (`id_role`) REFERENCES `role_user` (`id_role`);
COMMIT;

/*!40101 SET CHARACTER_SET_CLIENT=@OLD_CHARACTER_SET_CLIENT */;
/*!40101 SET CHARACTER_SET_RESULTS=@OLD_CHARACTER_SET_RESULTS */;
/*!40101 SET COLLATION_CONNECTION=@OLD_COLLATION_CONNECTION */;
